Wavelength,Hypo,Inc
ST02168_1:101,,
186.932,992.8419000000001,1526.0933300000002
187.281,997.0756200000001,1545.8671349999997
187.63,1049.18757,1568.003125
187.978,1025.896775,1556.2883299999999
188.327,1008.950545,1563.1055000000001
188.676,1027.661555,1590.573185
189.024,1111.147445,1647.00227
189.373,1049.77577,1628.8168150000001
189.721,1041.1255600000002,1618.621815
190.069,1089.9406950000002,1657.625455
190.418,1202.263955,1720.12273
190.766,1235.79311,1754.7754499999999
191.114,1197.893815,1762.2795449999999
191.462,1207.843845,1768.7440900000004
191.81,1251.45318,1783.760455
192.158,1227.224405,1772.51136
192.506,1189.585665,1750.055915
192.854,1158.9401050000001,1721.1959100000001
193.202,1162.128495,1704.80409
193.55,1162.0712600000002,1697.000915
193.897,1124.66364,1678.5413650000005
194.245,1127.18427,1658.21455
194.593,1134.104895,1627.7577299999998
194.94,1084.2572,1599.2577249999997
195.288,1062.1983599999999,1595.717725
195.635,1098.0567099999998,1612.73591
195.982,1133.39273,1639.905005
196.33,1155.086045,1659.09636
196.677,1163.255835,1663.30863
197.024,1146.715245,1659.9322699999998
197.371,1180.523525,1676.359545
197.718,1172.545065,1672.982725
198.065,1182.014195,1664.030905
198.412,1242.0823100000002,1665.311365
198.759,1180.07472,1637.6827250000001
199.106,1102.627275,1604.62091
199.453,1066.969235,1586.0640950000002
199.8,1099.6505900000002,1593.9886350000002
200.146,1107.425245,1577.292725
200.493,1081.0649650000003,1552.57136
200.84,1072.17689,1550.10137
201.186,1067.5871650000001,1547.7222700000002
201.532,1070.4359049999998,1544.164085
201.879,1064.1014000000002,1543.60954
202.225,1145.3230049999997,1577.1536400000005
202.571,1216.317275,1607.960915
202.918,1159.96874,1600.840905
203.264,1128.25367,1597.3318100000001
203.61,1112.2298950000002,1580.8086400000002
203.956,1129.92668,1570.230455
204.302,1167.01636,1576.3195400000004
204.648,1143.5319949999998,1563.387275
204.994,1100.175455,1533.03455
205.34,1109.456045,1529.7981800000002
205.685,1090.6216099999997,1526.494545
206.031,1057.657315,1513.030005
206.377,1110.6992699999998,1537.2695500000002
206.722,1170.2583200000001,1574.18227
207.068,1165.74664,1582.67364
207.413,1161.659055,1571.532725
207.759,1159.706395,1560.66136
208.104,1149.304655,1563.965455
208.45,1187.04293,1591.141815
208.795,1233.59853,1620.28773
209.14,1251.4490950000002,1622.00909
209.485,1280.06126,1604.5359150000002
209.83,1206.18143,1536.621815
210.175,1072.13983,1457.34273
210.52,1056.776955,1436.392725
210.865,1060.91364,1421.3081849999999
211.21,1043.2452049999997,1406.896815
211.555,1126.4544450000003,1422.38955
211.9,1087.6857999999997,1375.756815
212.244,942.0808049999999,1299.7831849999998
212.589,925.9657750000001,1280.4859149999997
212.934,959.91853,1276.83773
213.278,990.3611199999999,1265.3631850000002
213.623,1038.5466099999999,1273.19546
213.967,1051.0501100000001,1285.931365
214.311,984.1026950000002,1250.93637
214.656,914.710205,1197.7727250000003
215,886.6429999999999,1166.00227
215.344,835.1596549999999,1129.087275
215.688,894.73346,1149.38546
216.032,955.794545,1187.819545
216.376,879.4764299999999,1158.053175
216.72,838.36186,1123.85182
217.064,864.1346799999999,1121.05136
217.408,919.91252,1144.419545
217.752,910.95776,1157.807725
218.096,922.30934,1179.2368199999999
218.439,1005.279125,1223.063635
218.783,1008.2106650000001,1229.25864
219.127,979.0811199999999,1215.345
219.47,955.4154950000001,1209.3840950000001
219.814,932.4364,1209.167725
220.157,969.9759749999997,1234.39909
220.5,1006.3081399999998,1259.00227
220.844,1015.8268899999999,1266.67591
221.187,1026.802935,1268.6745449999999
221.53,1024.2302049999998,1270.95363
221.873,1007.6679300000001,1269.0040849999998
222.216,1033.933705,1264.0940900000003
222.559,1024.7040600000003,1244.71728
222.902,1011.963355,1244.20136
223.245,1029.502165,1258.939545
223.588,1014.64657,1251.1413650000002
223.931,992.6095050000001,1225.220905
224.273,966.2009449999999,1177.66591
224.616,903.084965,1112.206365
224.959,832.859685,1065.48909
225.301,815.316815,1064.029995
225.644,817.9619600000001,1073.97182
225.986,820.80409,1070.4563600000001
226.329,883.383465,1096.8895499999999
226.671,907.64629,1120.2181750000002
227.013,873.1945100000002,1105.565
227.356,862.053815,1094.203635
227.698,873.80213,1097.0168150000002
228.04,930.084655,1122.668185
228.382,988.03213,1160.689085
228.724,997.786155,1188.867725
229.066,959.921575,1195.89364
229.408,929.005065,1189.38591
229.75,951.385415,1200.35454
230.092,981.9983899999997,1220.1836399999997
230.433,1002.341855,1231.64273
230.775,1020.6166400000001,1242.461815
231.117,1049.179405,1262.6422749999997
231.458,1068.9863649999998,1268.451365
231.8,1041.6785300000004,1251.3459100000005
232.141,1041.7367100000001,1264.26091
232.483,1082.87909,1300.77636
232.824,1087.58769,1314.63182
233.165,1071.1205600000003,1317.6459050000003
233.506,1085.4265050000001,1320.72546
233.848,1080.0148950000003,1305.37864
234.189,1046.1745850000002,1287.4277299999999
234.53,1062.20398,1299.6936300000002
234.871,1073.967905,1312.802735
235.212,1101.460345,1330.0859050000001
235.553,1166.7737750000001,1361.640455
235.894,1151.1528300000002,1364.84909
236.234,1123.1179049999998,1355.444095
236.575,1127.61301,1345.58682
236.916,1091.5294350000001,1324.2204500000003
237.257,1063.0091350000002,1314.4590950000002
237.597,1099.322935,1332.033185
237.938,1145.997135,1356.6768200000001
238.278,1135.105835,1355.43454
238.619,1116.2999300000001,1336.50955
238.959,1118.91202,1305.37363
239.299,1054.654865,1249.855
239.64,1002.8975200000001,1227.26091
239.98,1014.4131400000003,1238.7818149999998
240.32,1045.41766,1253.6918199999998
240.66,1059.128775,1262.56818
241,1047.3748249999999,1254.213635
241.34,1043.956325,1228.30409
241.68,959.573385,1161.67545
242.02,907.7014350000001,1125.835
242.36,928.68091,1138.45182
242.699,971.7014699999999,1161.961815
243.039,1075.3046100000001,1209.83863
243.379,1048.1090949999998,1214.92091
243.718,959.27186,1186.92455
244.058,972.2394400000001,1175.98091
244.397,957.6884249999999,1158.842725
244.737,932.18248,1148.9145449999999
245.076,989.7818549999998,1162.1400049999997
245.416,1053.198675,1184.1645449999999
245.755,997.3929800000001,1176.6977350000002
246.094,944.9219250000001,1165.7686350000001
246.433,954.1157300000001,1170.78863
246.772,1004.3342,1180.425005
247.111,1027.514195,1179.253175
247.45,1008.8682500000002,1165.07909
247.789,969.5587750000002,1129.3618150000002
248.128,933.900695,1108.119995
248.467,947.6773099999997,1119.127725
248.806,933.3565399999999,1110.5554550000002
249.145,967.9203100000001,1126.5531799999999
249.483,999.55234,1151.587725
249.822,952.3466450000001,1145.50364
250.161,925.3980450000001,1141.2500000000005
250.499,949.10479,1147.557725
250.838,1010.7258750000003,1173.8054550000002
251.176,1030.2088850000002,1199.968185
251.514,1092.2610450000002,1239.71727
251.853,1125.08364,1270.97637
252.191,1074.64364,1268.598185
252.529,1117.7605200000003,1286.87772
252.867,1138.676225,1300.13909
253.205,1132.4217099999998,1308.9963599999999
253.543,1160.397625,1319.930005
253.881,1118.397685,1293.525905
254.219,1068.8076600000002,1266.0950000000003
254.557,1123.182305,1271.465905
254.895,1083.7688400000002,1233.04045
255.233,1004.3419200000001,1198.93863
255.571,1050.5038100000002,1228.47227
255.908,1053.307515,1238.9759050000002
256.246,1030.4797250000001,1233.2068199999999
256.583,1058.2185000000002,1243.0850000000003
256.921,1073.00461,1248.3336300000003
257.258,1066.619615,1241.79409
257.596,1095.337615,1249.6354500000002
257.933,1105.5381099999997,1249.90455
258.27,1045.873075,1216.045905
258.608,1090.714055,1240.29636
258.945,1127.95461,1274.44545
259.282,1060.8827999999999,1251.7004550000001
259.619,1045.59933,1248.4181749999998
259.956,1082.8480399999999,1261.67045
260.293,1081.2865450000004,1245.599095
260.63,1052.3126900000002,1216.99318
260.967,1039.37801,1205.43773
261.304,1043.279125,1212.3622699999999
261.64,1069.4236,1229.7586350000001
261.977,1112.11182,1259.8995449999998
262.314,1116.299825,1279.04909
262.65,1120.50846,1279.72773
262.987,1120.844685,1270.5604549999998
263.323,1090.081925,1255.6022700000003
263.66,1054.2586350000001,1231.81682
263.996,1105.063255,1226.237275
264.332,1121.297725,1201.2072699999999
264.669,1010.8961499999997,1143.38636
265.005,955.20448,1122.5104549999996
265.341,942.601855,1123.6904499999998
265.677,952.7566850000003,1138.473185
266.013,991.2597149999999,1155.62045
266.349,1003.9392300000001,1145.64182
266.685,991.646815,1132.0736350000002
267.021,995.0242649999999,1137.5286349999997
267.357,1001.6240249999998,1140.999545
267.693,1010.5785249999999,1139.3054499999998
268.029,1072.73664,1163.238635
268.364,1114.0340900000003,1209.22773
268.7,1080.918465,1234.2754549999997
269.036,1060.89888,1240.247725
269.371,1042.336155,1234.9536400000002
269.707,1035.591015,1232.695
270.042,1093.0637700000002,1255.26727
270.377,1158.71475,1289.4104499999999
270.713,1138.9950749999998,1297.14637
271.048,1139.1455950000002,1306.4418200000002
271.383,1173.7537699999998,1335.2131800000002
271.718,1272.8764299999998,1380.687725
272.053,1289.6330750000002,1372.6954600000001
272.389,1172.81668,1319.05909
272.724,1180.916785,1298.82637
273.059,1118.44182,1233.505
273.393,970.0982500000001,1155.2972750000001
273.728,942.4308000000001,1137.3204500000002
274.063,985.6770250000001,1148.250905
274.398,997.8914299999999,1153.8740899999998
274.733,980.0624500000001,1152.206365
275.067,1028.4833899999999,1147.1086299999997
275.402,954.40535,1074.36319
275.736,947.4238799999997,1059.334995
276.071,1007.76511,1102.184095
276.405,955.127725,1103.405
276.74,1064.97559,1171.91409
277.074,1149.3734299999996,1242.2613649999998
277.408,1086.55346,1239.065
277.742,1039.9961900000003,1220.725455
278.077,1063.5474800000002,1219.95
278.411,1076.8709450000001,1214.27636
278.745,1051.0814349999998,1198.63909
279.079,1174.7000400000002,1244.2540950000002
279.413,1180.304585,1259.76455
279.747,1114.53528,1249.22955
280.081,1133.37993,1257.1254549999999
280.414,1071.244615,1227.921365
280.748,1052.32286,1217.4036350000001
281.082,1071.3764700000002,1224.203635
281.416,1077.68206,1229.84045
281.749,1080.6749250000003,1237.027265
282.083,1079.848745,1231.2050000000002
282.416,1114.615275,1232.074995
282.75,1117.5808700000002,1222.25591
283.083,1121.978845,1226.4554499999995
283.416,1108.97287,1243.73409
283.75,1093.9333549999997,1256.82772
284.083,1203.6484249999999,1293.28272
284.416,1194.0330049999998,1251.7231849999998
284.749,1038.242905,1161.1218250000002
285.082,977.6944050000001,1133.455905
285.415,1024.5984250000001,1135.97727
285.748,1014.8179050000001,1109.66
286.081,940.65388,1078.568635
286.414,977.3059850000002,1107.33455
286.747,1047.2233899999999,1157.730455
287.08,1066.6034250000002,1175.765
287.412,1021.5476900000001,1146.8868149999998
287.745,948.711675,1111.6404549999997
288.078,1056.5086299999998,1169.807725
288.41,1211.829615,1273.474995
288.743,1189.09077,1307.1118150000002
289.075,1138.7817499999999,1303.7118150000001
289.408,1244.34262,1357.13409
289.74,1295.5931099999998,1405.073635
290.072,1258.24934,1406.906365
290.405,1258.49525,1396.218185
290.737,1239.5187,1372.565905
291.069,1269.8169550000002,1386.26636
291.401,1296.6981150000001,1405.74182
291.733,1248.31248,1383.63909
292.065,1207.8785950000001,1359.1918150000001
292.397,1208.3185950000002,1353.115455
292.729,1207.0396100000003,1346.58545
293.061,1172.98521,1324.168635
293.393,1192.1275850000002,1316.1486300000001
293.724,1164.19479,1287.61091
294.056,1123.09622,1264.0318150000003
294.388,1153.1051350000002,1282.29818
294.719,1166.0719550000001,1296.83227
295.051,1208.630905,1299.3254499999998
295.382,1166.5082900000002,1256.280905
295.714,1092.093425,1223.6890899999999
296.045,1094.301925,1234.213635
296.377,1126.50056,1242.86454
296.708,1138.4607749999998,1226.8727350000001
297.039,1065.023215,1181.2668150000002
297.37,1061.44731,1182.73182
297.701,1087.40717,1209.99864
298.032,1088.5686349999999,1220.563635
298.363,1085.1948200000002,1219.3231799999999
298.694,1085.29504,1220.595915
299.025,1208.7145799999998,1277.6390900000001
299.356,1214.7329,1305.19045
299.687,1149.225,1288.7304550000001
300.018,1154.042095,1278.127275
300.349,1179.9995499999995,1286.4904599999998
300.679,1251.3907649999999,1329.487725
301.01,1232.74682,1346.179095
301.341,1194.1622750000001,1342.1690899999999
301.671,1194.8495049999997,1339.58318
302.002,1212.84101,1340.19227
302.332,1211.17913,1335.55591
302.662,1194.082685,1331.9909049999999
302.993,1228.394475,1358.965
303.323,1284.1583899999998,1382.772275
303.653,1261.935775,1352.545
303.983,1230.40814,1327.119995
304.313,1203.07825,1314.665905
304.643,1204.862685,1301.97545
304.974,1185.811045,1270.10545
305.303,1125.2723799999999,1207.89591
305.633,1036.6253499999998,1130.07364
305.963,955.25059,1079.362725
306.293,976.442445,1077.49727
306.623,970.6492300000001,1041.8172749999999
306.953,842.20703,949.3813699999998
307.282,861.0215350000001,936.1295450000002
307.612,888.8218150000001,947.5759049999999
307.941,829.4355199999998,929.4104499999996
308.271,855.0879400000001,937.910455
308.6,859.292385,940.8750050000001
308.93,906.7159750000002,976.068635
309.259,1016.7593350000002,1042.84363
309.589,1017.1159749999999,1053.5495399999998
309.918,904.0470300000002,1002.5450000000001
310.247,900.5195049999999,1001.613175
310.576,1022.375805,1078.68546
310.905,1043.2207700000004,1120.4172749999998
311.234,1087.84895,1138.471815
311.563,1073.53388,1106.61136
311.892,923.5229349999998,1033.7340899999997
312.221,951.4409100000001,1058.08409
312.55,1001.74193,1089.48364
312.879,979.6005649999998,1077.9131799999998
313.208,1022.45542,1103.6004549999998
313.536,1093.32332,1153.035
313.865,1064.872095,1160.26954
314.194,1044.75297,1158.77182
314.522,1051.71643,1158.114085
314.851,1062.7692650000001,1157.47136
315.179,1153.9862549999998,1206.4240900000002
315.508,1200.7309450000002,1266.43136
315.836,1145.124825,1274.6468200000002
316.164,1143.63489,1272.283635
316.493,1199.2466450000002,1286.7486350000001
316.821,1183.0497500000001,1290.7818150000003
317.149,1170.25126,1300.154545
317.477,1250.3971000000001,1331.83864
317.805,1211.1686,1306.0922699999999
318.133,1170.764545,1288.6399999999999
318.461,1200.909655,1307.53818
318.789,1218.98983,1323.2522800000002
319.117,1224.8838799999999,1337.17636
319.445,1203.877835,1335.91046
319.773,1198.28619,1330.6690949999997
320.1,1207.84461,1327.90454
320.428,1225.580735,1342.437275
320.756,1240.294755,1348.527275
321.083,1205.84332,1315.7131800000002
321.411,1231.1902450000002,1315.2186350000002
321.738,1228.0574049999996,1314.3759
322.066,1150.904365,1289.44227
322.393,1182.72975,1303.1672700000001
322.72,1212.6497199999997,1310.246815
323.048,1174.623705,1283.97727
323.375,1142.3096150000001,1252.4881850000002
323.702,1130.753705,1240.8059050000002
324.029,1104.6115750000001,1233.0518200000001
324.356,1102.4157049999997,1231.750915
324.683,1165.8269599999999,1253.65455
325.01,1175.320705,1265.1395499999999
325.337,1168.686115,1284.54227
325.664,1193.688075,1318.32409
325.991,1241.96794,1323.90909
326.318,1188.5115700000001,1259.1127250000002
326.644,1125.10374,1219.8099949999998
326.971,1143.9687050000002,1235.50045
327.298,1122.96461,1237.2186349999997
327.624,1117.2632550000003,1248.9918200000002
327.951,1097.473495,1252.888185
328.277,1137.272305,1268.988635
328.604,1203.734365,1280.5768150000001
328.93,1143.823355,1235.87727
329.257,1024.95968,1167.76
329.583,976.0782249999999,1131.534095
329.909,1075.2663300000004,1179.4136400000002
330.235,1111.0120650000001,1228.375
330.562,1065.5627949999998,1228.61818
330.888,1045.43067,1221.53682
331.214,974.1905649999999,1199.9209150000002
331.54,941.97157,1192.53591
331.866,927.344235,1195.9472799999999
332.192,968.9734300000001,1220.785455
332.517,1060.69972,1269.4509049999997
332.843,1084.74689,1313.0659099999998
333.169,1076.31266,1339.90728
333.495,1105.0135,1360.511825
333.82,1083.9924849999998,1359.04682
334.146,1052.1811149999999,1356.9613650000001
334.472,1079.4186,1371.96318
334.797,1070.8354199999999,1369.509545
335.123,1018.4744400000002,1348.6277300000002
335.448,983.953355,1313.45318
335.773,900.45035,1255.14955
336.099,860.874095,1233.2545499999999
336.424,865.811645,1236.61273
336.749,832.45937,1224.9413650000001
337.074,836.4087000000003,1220.0463550000002
337.4,837.9330450000001,1211.42909
337.725,802.5532249999999,1196.47273
338.05,781.5432199999999,1191.958635
338.375,785.3762250000001,1185.8777249999998
338.7,738.392345,1159.19591
339.025,715.71032,1152.0531850000002
339.349,748.6155949999999,1173.295915
339.674,720.553845,1176.1959100000001
339.999,689.4858400000002,1165.6068149999999
340.324,664.514335,1143.46863
340.648,615.933115,1107.701365
340.973,599.3024450000001,1092.795
341.297,575.8891950000001,1092.783635
341.622,554.0135700000002,1094.31773
341.946,571.55007,1109.17091
342.271,602.15566,1140.017265
342.595,579.1633599999999,1153.0536399999999
342.92,568.9087450000001,1166.318185
343.244,585.6299249999998,1190.539995
343.568,625.4695799999998,1205.56636
343.892,606.90161,1187.03409
344.216,563.2941299999999,1181.6977299999999
344.54,591.6901699999997,1219.14909
344.864,590.7136800000001,1240.4031850000001
345.188,575.6261850000001,1246.77545
345.512,574.00109,1248.3413699999999
345.836,540.080455,1234.60954
346.16,542.010385,1223.53591
346.484,481.019195,1177.571365
346.808,374.9220299999999,1124.59182
347.131,367.21038500000026,1114.3722750000002
347.455,419.18283500000007,1135.021365
347.779,400.72070500000007,1145.6754600000002
348.102,320.0698900000001,1127.688635
348.426,317.616855,1128.48727
348.749,326.42811499999993,1128.193185
349.072,298.658495,1106.349085
349.396,295.9755650000001,1100.57818
349.719,266.105765,1094.7545400000004
350.042,290.6078000000001,1120.8363650000001
350.366,321.11489500000005,1160.7150000000001
350.689,268.4463299999999,1156.6200049999998
351.012,275.09535000000005,1167.543635
351.335,294.20705999999996,1191.0990900000002
351.658,289.7908050000001,1204.3577300000002
351.981,266.835105,1201.29273
352.304,257.7264050000001,1189.0081850000001
352.627,245.64307999999994,1176.002275
352.95,196.00754500000005,1161.4740849999998
353.272,184.36811,1166.35545
353.595,187.34752000000003,1171.655455
353.918,138.18310999999994,1149.15409
354.241,120.92234000000008,1136.03318
354.563,99.20689000000004,1119.3536400000003
354.886,39.677375,1089.829995
355.208,-6.939125000000018,1074.000005
355.531,17.536084999999957,1074.75591
355.853,-1.8652750000001106,1047.640005
356.176,-33.09598500000004,1042.02318
356.498,85.11916500000007,1075.784095
356.82,-3.7908449999999903,991.60363
357.142,-189.79548499999999,897.4177300000001
357.465,-186.14664499999992,908.505905
357.787,-181.0826199999999,923.35591
358.109,-167.728705,940.291365
358.431,-134.32881500000008,964.617725
358.753,-123.2937700000001,968.7668199999999
359.075,-171.63433499999996,936.310005
359.397,-172.34308,929.8381750000001
359.719,-136.22702500000003,943.26773
360.04,-215.48863499999993,900.97046
360.362,-89.13789999999995,953.5718200000001
360.684,-22.522794999999977,1013.7422799999997
361.005,-164.61755000000005,985.8218149999999
361.327,-164.941775,987.453185
361.649,-146.49307499999998,982.3459100000001
361.97,-174.04804000000013,953.979545
362.292,-207.39234,928.3590899999999
362.613,-186.26800000000003,939.241825
362.935,-140.7563,970.4309049999999
363.256,-115.71010500000011,986.048185
363.577,-98.63021000000003,996.20909
363.898,-93.69702499999994,1010.9295500000002
364.22,3.2069549999999936,1038.3222700000001
364.541,-61.24198999999999,980.762275
364.862,-226.79859999999996,894.5295450000001
365.183,-234.40290499999992,871.87591
365.504,-230.74509999999998,863.7981900000002
365.825,-197.97266000000013,873.19045
366.146,-242.26154000000008,846.4259099999998
366.467,-305.59237999999993,814.247275
366.788,-326.4710799999998,798.66819
367.108,-270.18513500000006,813.859095
367.429,-265.1698899999999,812.0109100000002
367.75,-331.05423,785.339095
368.07,-191.22038999999995,865.8359050000001
368.391,-106.13279499999999,948.515915
368.712,-128.66167999999993,969.1804549999999
369.032,-83.52404999999999,997.9318199999999
369.353,-93.54786000000001,1000.410455
369.673,-22.029789999999934,1025.97227
369.993,-26.71602000000007,1018.567725
370.314,-111.16069500000013,984.027275
370.634,-83.35303999999996,982.5045500000002
370.954,-101.972305,949.1822750000001
371.274,-156.4079700000001,923.6281799999998
371.594,-181.68740499999998,918.9804599999999
371.915,-222.633595,894.786365
372.235,-238.9067799999999,881.628635
372.555,-203.27992999999992,880.8927300000001
372.875,-216.827405,854.4036400000001
373.194,-276.489995,823.7331849999998
373.514,-213.73349499999995,855.659095
373.834,-150.34416,891.97364
374.154,-212.66388499999994,867.4018150000002
374.474,-176.38118999999995,891.1463600000002
374.793,-85.58006499999999,946.1104600000001
375.113,-151.40506500000004,915.2131850000001
375.433,-188.94402000000002,888.5563649999997
375.752,-175.99699499999997,877.9054550000003
376.072,-244.0586750000001,824.0181799999997
376.391,-239.38352500000002,814.208185
376.71,-240.02041499999996,821.2950000000001
377.03,-299.6771600000001,806.3163699999998
377.349,-293.32716500000004,816.3186350000001
377.668,-197.37094999999988,851.312725
377.988,-206.83706999999995,834.849995
378.307,-289.455005,781.76227
378.626,-272.0012250000001,774.8309099999999
378.945,-270.8681449999999,784.4095450000003
379.264,-284.648955,789.3740900000001
379.583,-216.58553000000006,824.6949950000001
379.902,-195.06635999999992,845.6109150000002
380.221,-211.02325500000006,853.0599949999998
380.54,-207.48709499999995,866.74591
380.859,-224.83821999999998,862.91318
381.177,-220.74986,857.042725
381.496,-163.09241499999996,881.76545
381.815,-108.68594499999983,922.37273
382.133,-83.04657499999985,947.553635
382.452,-97.73325,949.0404550000003
382.77,-127.31041499999992,937.2695500000001
383.089,-136.11993000000007,929.1677249999999
383.407,-134.14598,928.3254549999999
383.726,-147.59999499999992,925.2354600000001
384.044,-176.34163999999998,916.2395450000001
384.363,-181.16111999999998,912.0086350000001
384.681,-189.7514,903.1677299999999
384.999,-167.88248499999997,912.0318149999999
385.317,-163.81423500000005,920.89863
385.635,-135.89279999999997,938.7227250000001
385.953,-83.56691999999998,970.2118250000001
386.271,-46.775035,989.9227299999999
386.589,-65.26839500000006,984.82545
386.907,-63.91919999999993,989.8045450000002
387.225,-33.27161000000001,1003.99909
387.543,-49.43181500000003,996.4977250000001
387.861,-68.00541500000008,981.7781799999999
388.179,-94.69168000000002,964.0486350000001
388.497,-96.66692,954.5013700000001
388.814,-119.42423499999995,930.759995
389.132,-159.48132999999996,900.9545449999999
389.449,-188.1859800000001,880.5650049999999
389.767,-176.77461500000004,875.780455
390.084,-118.4621350000001,893.4872700000001
390.402,-113.06660999999997,889.9913650000001
390.719,-144.20769500000006,860.86227
391.037,-154.44929999999988,849.2081800000002
391.354,-137.007025,859.8895449999999
391.671,-84.02170999999987,878.012275
391.989,-109.82308000000012,862.7427249999998
392.306,-104.82891000000006,856.5363649999997
392.623,-89.99737999999991,855.29091
392.94,-137.28321999999991,838.8436350000001
393.257,-142.44000000000005,840.2272749999998
393.574,-125.45269500000006,832.7540850000001
393.891,-151.55884000000012,804.9372799999999
394.208,-161.89024499999994,805.7990950000001
394.525,-136.67730999999992,828.86682
394.842,-130.33140500000002,828.47454
395.159,-70.65119000000004,879.115455
395.475,1.0808749999999954,943.064095
395.792,27.292100000000005,947.471825
396.109,1.2502449999999499,920.963635
396.425,-48.646119999999996,897.68409
396.742,-82.46726999999998,891.0318199999999
397.058,-33.141610000000014,901.5790899999998
397.375,8.238250000000107,922.68
397.691,-36.354364999999916,932.5145450000001
398.008,-46.09318499999994,934.2495449999999
398.324,-46.63192000000003,924.49273
398.64,-75.01031499999988,860.3636400000003
398.957,-125.69013999999993,789.296815
399.273,-190.6731799999999,763.791365
399.589,-130.49908500000015,793.7618199999998
399.905,-120.20818000000008,810.5463699999999
400.221,-178.60779000000014,781.7190949999999
400.537,-234.43273,732.976815
400.853,-249.23492500000003,700.262735
401.169,-254.84989499999995,687.3740849999999
401.485,-354.26429499999995,649.4922750000001
401.801,-345.9109799999999,644.98091
402.117,-349.88429999999994,637.3713650000001
402.433,-332.55202500000007,650.5263649999997
402.748,-274.98132499999997,689.83636
403.064,-290.5335949999999,699.8963699999999
403.38,-225.19004000000007,729.3349949999999
403.695,-223.1493700000001,736.6149999999999
404.011,-217.37700000000007,761.4613599999999
404.326,-145.21454999999992,820.4004500000001
404.642,-126.31465500000013,854.76909
404.957,-81.21699500000011,894.9872699999999
405.273,-82.0173850000001,912.7418150000001
405.588,-68.77705999999984,933.783185
405.903,-27.563290000000112,959.7099999999999
406.218,-48.025249999999915,948.7022650000002
406.534,-69.96790500000009,937.6081799999998
406.849,-50.88034999999991,940.6995450000001
407.164,-15.266859999999951,948.1818150000001
407.479,-41.94661499999995,943.6422650000001
407.794,-84.50070000000005,927.02227
408.109,-103.01883999999995,908.661825
408.424,-126.15853000000004,893.4063600000001
408.739,-114.17360000000008,885.7127249999998
409.054,-139.41979000000003,859.097725
409.369,-202.99492999999995,826.593635
409.683,-166.64810999999997,837.5259100000001
409.998,-144.8760850000001,856.0577249999999
410.313,-128.43985999999995,857.5427300000003
410.627,-90.98552499999994,856.5959050000002
410.942,-137.11661500000002,845.1313599999999
411.257,-169.916745,835.70228
411.571,-157.42843000000013,842.99136
411.886,-143.06754499999988,853.1072750000001
412.2,-148.46486500000015,852.8849949999998
412.514,-118.58503999999994,872.39454
412.829,-90.38698999999997,896.961365
413.143,-97.39433499999996,903.2227299999998
413.457,-79.06685500000003,902.1345449999997
413.771,-79.9070999999999,882.345455
414.086,-73.12727499999994,865.8363649999999
414.4,-43.22570499999995,880.4959050000001
414.714,-49.294230000000084,896.6945449999998
415.028,-76.98129000000006,886.09637
415.342,-119.96408499999995,861.35955
415.656,-96.15444000000002,854.45227
415.97,-108.97157499999992,821.7122700000001
416.284,-202.86135999999988,766.8272800000001
416.597,-244.03583999999992,743.040005
416.911,-249.05493,732.5213599999998
417.225,-228.67671000000007,739.100455
417.539,-167.352165,775.44227
417.852,-151.08352499999987,798.2886400000001
418.166,-155.41458499999987,800.1881800000002
418.479,-102.78723999999988,820.3663600000001
418.793,-82.3313649999999,837.4018200000002
419.106,-91.67188500000003,839.8859100000001
419.42,-34.84629999999993,871.989995
419.733,33.52737999999994,918.36591
420.047,33.70685499999996,926.6059049999999
420.36,5.482834999999966,905.3609100000001
420.673,-55.676289999999874,871.0831850000001
420.986,-91.22989500000001,849.930455
421.3,-102.19507499999997,837.86545
421.613,-121.00038500000012,823.94591
421.926,-131.50104999999996,814.90818
422.239,-126.02901499999983,815.3091000000002
422.552,-118.51226999999994,819.1890950000001
422.865,-117.04668000000004,821.8131800000002
423.178,-65.95297499999992,825.329995
423.491,-105.55234500000006,782.3204499999999
423.804,-151.35493500000007,763.99545
424.116,-47.76836000000014,810.58227
424.429,-90.68489999999997,790.7286349999999
424.742,-148.5646499999998,759.8945500000002
425.054,-150.10989000000006,748.774095
425.367,-164.7817849999999,731.114545
425.68,-167.96520500000008,711.14591
425.992,-234.33766000000003,675.0954499999998
426.305,-251.2569299999999,663.81863
426.617,-242.95780000000002,663.6904499999999
426.93,-147.04692499999987,713.44636
427.242,-107.66126000000008,759.5863649999999
427.554,-148.2190250000001,753.1272699999998
427.867,-48.70954000000006,771.5104600000001
428.179,-90.32717000000002,752.71682
428.491,-146.286745,735.295005
428.803,-136.64343000000008,735.07
429.115,-160.13797,727.0440950000001
429.427,-121.300525,753.92
429.739,-138.18059500000004,760.3013649999999
430.051,-164.6103199999999,748.3259050000001
430.363,-168.76633000000004,741.26227
430.675,-167.7734599999999,738.12318
430.987,-172.788,732.4068199999999
431.299,-130.46374000000003,742.92909
431.611,-67.15185499999995,774.36591
431.923,-53.914750000000026,792.0163650000001
432.234,-75.84143500000016,770.286365
432.546,-103.81804499999998,741.3145400000001
432.858,-160.21376999999995,705.305915
433.169,-235.510495,662.6381749999999
433.481,-249.53157,656.6063699999997
433.792,-230.65329000000008,662.6886399999999
434.104,-220.48143000000005,653.291825
434.415,-234.22859499999993,623.5263650000002
434.726,-293.52209500000004,580.2227299999998
435.038,-283.645455,576.716365
435.349,-296.93300000000005,569.631365
435.66,-273.5676900000001,587.7327300000001
435.971,-199.83688499999994,644.1213700000001
436.283,-144.34989499999995,685.933635
436.594,-109.10993499999995,709.3713600000001
436.905,-138.84528,699.0645400000001
437.216,-171.77223500000014,660.853635
437.527,-220.74881000000005,622.9604599999999
437.838,-199.34356000000014,639.135455
438.149,-122.40639500000009,680.390455
438.46,-134.335695,674.1890950000001
438.77,-183.13427000000001,646.8740899999999
439.081,-218.5083249999999,632.2195450000002
439.392,-233.46073000000013,617.51546
439.703,-263.051155,588.2836400000001
440.013,-275.0234649999999,576.87318
440.324,-257.12413000000004,589.76136
440.634,-230.22741499999995,617.248175
440.945,-117.30604500000004,661.84273
441.256,-178.63094999999998,622.74136
441.566,-271.444265,574.5436400000001
441.876,-229.51661000000001,587.07772
442.187,-193.85178499999984,618.00909
442.497,-170.48768999999993,648.4636350000003
442.807,-166.2850699999999,657.4054550000002
443.118,-141.02839500000016,672.2504499999999
443.428,-129.28726999999992,691.2900050000001
443.738,-105.88821499999983,700.6272750000002
444.048,-132.8760850000001,674.5204550000001
444.358,-195.28413000000012,644.6281799999998
444.668,-94.24699999999984,697.7040900000002
444.978,-28.361184999999978,751.3636350000002
445.288,-49.368424999999895,756.309095
445.598,-22.89584499999995,752.8713600000001
445.908,-77.92538500000012,705.22636
446.218,-166.81520999999998,653.9040950000001
446.528,-161.70248500000014,654.4081749999998
446.837,-161.34202499999992,658.0009100000001
447.147,-182.2640950000001,649.63545
447.457,-117.59534499999995,674.244095
447.766,-104.20374000000015,683.530005
448.076,-172.64905,651.868185
448.386,-190.63220000000013,629.6550049999998
448.695,-197.56056,611.5318199999999
449.005,-200.2153199999999,600.7404500000001
449.314,-146.55413,619.89409
449.623,-136.61878000000002,633.7472699999998
449.933,-185.56618500000002,624.714545
450.242,-204.2494700000001,619.3477350000001
450.551,-211.67813999999998,618.7195450000002
450.861,-190.4485249999999,623.542735
451.17,-162.13590499999998,631.180915
451.479,-127.00821999999994,648.8895500000001
451.788,-103.37118499999985,656.75864
452.097,-110.72696000000008,652.45136
452.406,-109.44052499999987,663.748635
452.715,-83.08280000000002,684.3313599999999
453.024,-62.65065999999995,704.2750000000001
453.333,-74.81586999999996,712.93273
453.642,-62.84338499999996,716.6622750000001
453.951,-82.55244999999991,703.769545
454.259,-106.18031500000012,682.7599999999999
454.568,-124.29440499999998,658.6659099999999
454.877,-131.13510999999994,634.6827250000001
455.186,-170.10003999999992,593.694995
455.494,-177.42143,579.28137
455.803,-182.1201749999999,566.4445450000001
456.111,-244.97786999999994,525.55591
456.42,-255.90601500000002,515.706365
456.728,-237.76843000000008,508.90545499999985
457.037,-290.29836,464.438635
457.345,-335.66612,438.1922700000001
457.653,-306.63996499999996,451.53091000000006
457.962,-278.35395000000005,466.6468199999998
458.27,-267.26573500000006,486.22408499999995
458.578,-199.00006999999994,532.8722700000001
458.886,-151.81416000000002,566.1572749999998
459.194,-171.82982000000004,568.4504549999999
459.503,-140.34958000000006,596.37091
459.811,-130.29689000000008,621.024545
460.119,-128.86706000000004,635.1995450000001
460.427,-49.57436499999994,680.72273
460.735,28.863320000000044,723.010455
461.042,-27.04831999999999,690.186365
461.35,-88.4040500000001,655.357725
461.658,-91.76279500000004,654.5368249999999
461.966,-92.47154,650.61591
462.274,-72.8078000000001,648.2054499999999
462.581,-63.281814999999995,639.3318200000001
462.889,-96.18443500000006,619.644095
463.197,-108.980145,592.82136
463.504,-183.503915,531.2927249999999
463.812,-264.50884499999995,481.01590999999996
464.119,-291.550385,454.92999999999995
464.427,-227.560385,467.90227500000003
464.734,-208.50086999999985,478.4095450000001
465.042,-287.68374499999993,454.13727000000006
465.349,-304.21031000000005,448.2631900000001
465.656,-282.447865,450.68000500000005
465.964,-232.36556000000007,463.64181999999994
466.271,-208.79450500000007,466.6190899999999
466.578,-249.34248500000004,441.749545
466.885,-229.72668499999986,460.50817500000005
467.192,-200.45754999999986,498.40273000000013
467.499,-192.33740999999998,513.7690900000001
467.806,-171.67016999999987,522.23864
468.113,-158.30901499999993,536.24
468.42,-149.31780000000003,557.08727
468.727,-128.19507,562.4454549999999
469.034,-139.27231499999994,532.56545
469.341,-178.80007,488.50591
469.648,-212.3459099999999,461.4213649999999
469.954,-211.98395500000004,475.10817999999995
470.261,-183.75999500000012,510.98727499999995
470.568,-182.21566500000006,520.1172699999998
470.874,-167.6425250000001,503.8699949999999
471.181,-202.42947500000002,451.3213700000001
471.488,-248.58661000000006,405.7504499999998
471.794,-304.8757350000001,369.451365
472.101,-354.4916099999999,336.0859100000001
472.407,-323.31591000000003,344.40727000000004
472.713,-261.38521000000014,385.7840849999999
473.02,-221.3792000000002,427.4449999999998
473.326,-195.3814299999999,446.95863999999995
473.632,-258.59252000000015,403.20363499999985
473.939,-353.849865,344.732265
474.245,-342.9722049999998,346.30591000000004
474.551,-229.18070000000012,405.5140899999998
474.857,-173.92919499999994,451.6395500000001
475.163,-180.08566499999995,475.80409
475.469,-145.51622500000008,506.2822749999999
475.775,-133.77692000000002,519.616365
476.081,-141.01461000000006,526.0022799999999
476.387,-101.06815000000006,536.116815
476.693,-72.16716499999984,514.6818200000001
476.999,-120.79185499999994,467.8600050000001
477.305,-143.7309449999999,462.0636350000001
477.611,-137.9137750000001,452.7977299999998
477.916,-253.59776499999998,373.76318000000003
478.222,-320.73941000000013,335.389085
478.528,-295.83003500000007,354.07227499999976
478.833,-310.90053,354.09453999999994
479.139,-294.16042000000004,359.27726999999993
479.444,-239.0433599999999,363.38181
479.75,-299.42878,306.03227000000004
480.055,-333.6272349999999,274.7659100000001
480.361,-200.49314500000003,343.18090499999994
480.666,-211.03699499999993,371.74318500000004
480.972,-246.97531500000002,377.0827300000001
481.277,-109.6006299999998,449.8522750000001
481.582,-101.03419999999996,481.77681500000006
481.887,-185.58514500000013,460.8263549999999
482.193,-178.0943349999999,457.01227500000005
482.498,-164.0267550000001,451.10317499999985
482.803,-170.61678000000006,434.96454499999993
483.108,-90.61352999999997,467.225455
483.413,-53.103360000000066,508.53727000000003
483.718,-71.09559500000006,514.9572749999999
484.023,-55.902724999999975,520.1409100000002
484.328,-78.30098000000015,514.9740899999998
484.633,-101.33125499999994,502.9759150000001
484.938,-81.09958500000016,508.75180999999986
485.242,-38.78325000000001,516.31091
485.547,-101.20132500000011,467.0522749999999
485.852,-190.55842500000006,414.54545499999995
486.157,-167.56643500000007,409.8790849999999
486.461,-95.61474999999996,397.29955000000007
486.766,-214.39601500000015,304.51954999999987
487.071,-334.32594500000005,231.68999999999994
487.375,-335.917065,215.38772500000005
487.68,-386.1129,194.66682000000014
487.984,-339.57210000000003,196.100455
488.289,-386.663495,140.78591499999996
488.593,-507.7322300000002,77.7122749999996
488.897,-435.3555950000002,109.56317999999987
489.202,-373.5239200000001,151.3509049999999
489.506,-404.0384250000001,155.76045499999998
489.81,-386.13685,162.889095
490.114,-240.42027500000006,246.28136499999994
490.419,-170.73937,317.11181999999997
490.723,-209.470775,317.745905
491.027,-218.73523999999998,323.403185
491.331,-235.4232149999999,325.30863999999997
491.635,-139.58968000000004,379.0918200000001
491.939,-42.031814999999824,442.74318500000004
492.243,-90.19853,425.105905
492.547,-141.64224000000002,383.42544999999996
492.851,-167.6478000000002,351.8354499999999
493.154,-192.73339499999986,334.00817500000005
493.458,-195.30950499999994,334.2400000000001
493.762,-207.71863500000006,330.63181499999985
494.066,-166.43007000000011,350.72408999999993
494.369,-116.68866999999989,370.587275
494.673,-135.90259000000003,377.7018149999999
494.977,-145.57213000000002,392.97273499999994
495.28,-146.42154499999992,392.82409000000007
495.584,-89.72996499999988,414.8768150000001
495.887,-22.019935000000146,454.00726999999995
496.191,-14.407480000000131,480.41409499999986
496.494,7.458314999999914,508.34453999999994
496.798,21.298780000000022,524.661365
497.101,21.242164999999993,524.305455
497.404,12.296259999999968,518.619545
497.707,25.571855000000028,516.8054500000001
498.011,60.42261999999994,485.64364
498.314,-6.206635000000006,414.296825
498.617,-140.38342999999998,342.35909000000004
498.92,-208.8137449999998,304.51181500000007
499.223,-187.12261999999987,301.9231800000001
499.526,-196.92342499999998,283.5286400000001
499.829,-222.9659099999999,266.2759050000001
500.132,-228.85265999999993,241.76272500000005
500.435,-281.05419499999994,192.14091500000006
500.738,-272.3166799999999,167.27909
501.041,-343.43545500000005,108.7445449999999
501.344,-387.06807500000014,73.94318499999986
501.647,-317.60192000000006,106.38454499999989
501.949,-277.92968500000006,149.02499999999998
502.252,-255.86496499999998,181.42136000000005
502.555,-301.84182,173.74364000000014
502.857,-247.00384999999983,190.71909000000005
503.16,-246.01427,173.89363500000013
503.463,-300.3175500000001,144.66499999999996
503.765,-228.121715,179.96499500000004
504.068,-238.063,180.82455000000004
504.37,-204.05527499999994,208.54909499999997
504.672,-150.01185999999996,257.65317500000003
504.975,-165.49930499999994,262.2663600000001
505.277,-163.16545499999984,258.33090500000014
505.579,-175.28705999999988,225.65364000000008
505.882,-236.95594499999993,164.25682000000006
506.184,-328.9064750000001,113.23635999999988
506.486,-302.92643,119.80818500000001
506.788,-253.917865,139.4418199999999
507.09,-294.21677999999986,116.29590500000003
507.393,-308.3753500000001,103.64954500000002
507.695,-307.41167500000006,106.01545499999986
507.997,-348.7766449999999,85.26954
508.299,-336.64835500000004,85.68182000000002
508.601,-313.94810999999993,101.80273000000011
508.902,-268.656115,131.2072700000001
509.204,-125.94933500000013,193.3686399999999
509.506,-124.56142999999997,194.715915
509.808,-230.5300350000001,152.70727499999987
510.11,-262.7293750000001,141.69544999999994
510.411,-230.84394999999995,161.076365
510.713,-162.67273000000003,193.25908500000003
511.015,-161.49712999999997,184.09955000000002
511.316,-188.04195499999992,148.79636500000004
511.618,-262.39234,91.73272999999995
511.92,-352.1562600000001,36.85317999999995
512.221,-377.77825499999994,11.40954500000008
512.522,-397.56625499999996,-8.020904999999956
512.824,-324.50618499999996,24.421370000000024
513.125,-258.07737999999995,76.37818500000006
513.427,-267.45083999999997,95.472275
513.728,-269.14266,95.54453999999987
514.029,-252.50086499999998,81.70773500000007
514.331,-245.014585,60.96045000000004
514.632,-256.76045999999997,61.23454000000004
514.933,-200.55395,113.25954499999989
515.234,-160.44077500000003,163.985905
515.535,-145.375765,185.33863999999994
515.836,-133.63209500000005,187.01864
516.137,-169.42493000000002,174.9281799999999
516.438,-160.95230500000002,174.60636499999987
516.739,-147.73838999999987,165.80500000000006
517.04,-186.0666799999999,120.13363500000014
517.341,-241.015,55.466819999999885
517.642,-256.19395,27.876819999999952
517.943,-272.2272300000001,27.88682499999993
518.244,-316.897555,12.776814999999957
518.544,-353.85381,-14.959539999999976
518.845,-397.804755,-45.943634999999986
519.146,-381.42594499999996,-51.298180000000116
519.446,-350.09654,-38.88681999999994
519.747,-378.55343000000005,-48.58408999999995
520.048,-372.22849500000007,-55.33590500000004
520.348,-280.9957300000001,-23.289995000000076
520.649,-213.7342000000001,12.952724999999987
520.949,-183.28311499999995,37.6163600000001
521.249,-233.12213500000007,26.4613599999999
521.55,-282.97111499999994,14.921820000000025
521.85,-249.51011000000005,33.26999500000001
522.151,-246.91297,37.37864000000002
522.451,-256.1223399999999,38.25227500000007
522.751,-265.04738,28.6400000000001
523.051,-260.34831999999983,25.047275000000113
523.351,-245.4530450000001,35.62181499999997
523.652,-243.5652500000001,36.717729999999975
523.952,-208.27367000000015,53.78545999999994
524.252,-175.02709500000003,83.01272500000006
524.552,-84.01727499999993,130.38727000000006
524.852,-110.86824999999988,117.48000000000002
525.152,-185.50413000000003,74.81635999999992
525.452,-173.39139999999998,73.409545
525.752,-191.56011,69.22590500000001
526.051,-179.37143000000015,64.00681999999995
526.351,-219.5020249999999,35.079550000000026
526.651,-268.617345,11.493635000000026
526.951,-245.96188999999995,21.071815000000015
527.251,-206.40339500000005,33.36499499999991
527.55,-198.25835500000005,45.86954999999989
527.85,-212.46706500000005,52.86226999999986
528.15,-125.67391500000008,92.5900049999999
528.449,-71.38800500000002,125.60136499999999
528.749,-101.01443500000005,108.5618199999999
529.048,-110.8091599999999,98.03408999999999
529.348,-130.26130000000012,93.52226999999982
529.647,-90.938315,114.0431900000001
529.946,-90.95314500000006,122.8649999999999
530.246,-139.67157000000003,98.87273000000005
530.545,-157.12751999999995,83.18681500000002
530.844,-154.39247999999998,72.42545999999994
531.144,-156.01252500000004,66.95681000000002
531.443,-165.6863649999999,66.206365
531.742,-139.988455,70.71591500000001
532.041,-95.14972499999995,88.71045000000004
532.34,-107.72537999999999,89.91045999999994
532.64,-102.34569499999992,92.4327300000001
532.939,-90.41458000000006,87.92773
533.238,-90.45454499999992,63.8513650000001
533.537,-144.6803799999999,20.044094999999963
533.836,-201.44738499999994,-9.028639999999882
534.134,-199.80472499999985,-13.24590999999998
534.433,-222.20472499999983,-39.19999999999992
534.732,-228.09143000000006,-76.92818
535.031,-298.05059500000016,-139.1350050000001
535.33,-332.88716499999987,-177.20363499999985
535.629,-341.22126000000003,-197.83272999999997
535.927,-397.7900700000001,-225.21863500000003
536.226,-397.7993650000001,-223.55909
536.525,-346.62240999999995,-196.63136499999996
536.823,-276.02920000000006,-153.07317999999998
537.122,-279.633915,-130.56727
537.42,-287.705415,-124.7563550000001
537.719,-259.3799,-121.11500000000001
538.017,-259.1884600000001,-120.23454500000014
538.316,-186.61853500000007,-73.68864000000009
538.614,-159.91600999999991,-36.52181499999994
538.912,-144.68734000000006,-5.871360000000095
539.211,-100.38598000000002,34.139095
539.509,-84.86003499999998,46.448639999999955
539.807,-101.72037999999996,30.313645000000065
540.106,-99.34206500000005,18.575909999999915
540.404,-101.03157500000009,0.6586299999999028
540.702,-177.353745,-49.86591
541,-171.82045500000004,-68.86545500000011
541.298,-164.02077000000008,-82.02773000000002
541.596,-229.22378000000003,-117.18546000000003
541.894,-269.85604999999987,-136.05954499999984
542.192,-258.0072399999999,-135.304095
542.49,-285.02342999999996,-157.51272999999992
542.788,-327.60268499999995,-181.84272499999997
543.086,-287.81860499999993,-161.65545999999983
543.384,-221.02825000000007,-134.8131800000001
543.682,-207.10604999999998,-138.20954500000005
543.979,-201.134545,-112.69136500000002
544.277,-156.66751499999998,-67.85317999999997
544.575,-109.37716499999999,-52.82590999999992
544.873,-124.77010999999995,-54.68954999999994
545.17,-164.89972000000012,-58.08000000000004
545.468,-185.98109000000002,-58.380910000000085
545.765,-158.46517999999998,-40.400460000000066
546.063,-124.93608499999993,-16.29999999999996
546.36,-123.82213000000009,-16.916815000000042
546.658,-137.89888000000005,-44.99318500000015
546.955,-120.61783500000001,-53.304094999999975
547.253,-112.42486500000008,-65.07272999999998
547.55,-153.47322500000007,-120.71136999999999
547.847,-212.00300499999994,-180.00272500000005
548.145,-251.38055499999993,-193.53499499999998
548.442,-246.6340200000002,-170.02772500000015
548.739,-253.25307499999985,-164.34272499999997
549.037,-240.7631849999999,-166.639545
549.334,-257.38587500000006,-189.82409499999994
549.631,-297.1572350000001,-220.52727500000003
549.928,-274.8605600000001,-216.36409000000015
550.225,-231.20654000000013,-191.75772500000005
550.522,-231.8904150000002,-179.72590500000013
550.819,-198.67066,-152.64635999999996
551.116,-79.55591500000003,-77.10228000000006
551.413,-38.29304000000002,-28.22545000000008
551.71,-107.0729300000001,-48.12681500000001
552.007,-135.9478699999999,-74.14772999999992
552.304,-117.37027500000012,-72.73045000000008
552.6,-98.28352500000004,-65.68727000000011
552.897,-98.81597999999985,-67.81408999999985
553.194,-107.34860000000003,-73.61636500000007
553.491,-127.60702500000001,-88.27454000000012
553.787,-100.52129500000001,-92.6931800000001
554.084,-138.45719999999997,-136.29226999999992
554.381,-204.91539000000012,-198.4327350000001
554.677,-270.98472000000015,-255.37045
554.974,-301.4835650000001,-281.05045000000007
555.27,-291.60569999999996,-284.30545500000005
555.567,-330.5799649999999,-326.43500500000005
555.863,-354.3088399999999,-356.259995
556.159,-374.47216500000013,-355.3181800000001
556.456,-371.676325,-343.9918200000001
556.752,-330.613385,-323.4963600000001
557.049,-332.529365,-325.74817999999993
557.345,-295.27321500000005,-302.7354550000001
557.641,-223.33668000000003,-248.17863999999997
557.937,-163.5267100000001,-200.86954500000013
558.233,-170.55719999999997,-188.57590499999992
558.53,-193.85593999999992,-190.899085
558.826,-162.08142999999984,-174.70044999999988
559.122,-156.92111499999987,-159.67408999999995
559.418,-138.29933499999987,-141.68317999999994
559.714,-157.06458500000008,-150.95227500000004
560.01,-182.28988999999984,-169.4927249999999
560.306,-172.79472499999997,-166.35318499999997
560.602,-146.12548999999996,-146.02726999999993
560.898,-155.21726999999998,-143.65318000000002
561.193,-105.9981099999999,-135.43817999999993
561.489,-99.230635,-149.41455000000008
561.785,-153.5994700000001,-175.47545000000008
562.081,-164.86717000000007,-179.88409500000006
562.376,-165.2711849999999,-178.546365
562.672,-182.09132500000004,-184.86181499999998
562.968,-163.3323450000001,-181.6786400000001
563.263,-145.97926999999987,-177.62636499999996
563.559,-159.01028000000008,-187.18364000000008
563.855,-164.23234000000002,-207.63408999999996
564.15,-207.70266000000004,-254.9327300000001
564.446,-279.05374000000006,-303.29727
564.741,-232.61674500000015,-283.241815
565.036,-178.41586999999993,-250.01681999999994
565.332,-213.40454999999997,-260.7031850000001
565.627,-239.036295,-271.03636499999993
565.923,-254.59832000000006,-271.986365
566.218,-244.77761999999984,-261.87726999999995
566.513,-208.52395500000011,-242.49500000000003
566.808,-179.93894999999986,-228.63090999999986
567.104,-139.96227,-222.74453999999992
567.399,-119.71779500000014,-225.98499500000003
567.694,-147.44796999999994,-228.655905
567.989,-166.9205250000001,-229.458185
568.284,-183.62283500000012,-242.85591000000016
568.579,-165.9630749999999,-240.87409
568.874,-154.426255,-242.173635
569.169,-209.257655,-272.947725
569.464,-263.36440500000003,-299.773635
569.759,-259.58486000000005,-307.11864
570.054,-239.34857,-313.83727999999996
570.349,-255.68877999999998,-329.9799999999999
570.643,-220.71591499999988,-308.3459149999999
570.938,-173.435565,-262.480915
571.233,-142.96056499999986,-241.74318499999995
571.528,-160.1553500000001,-261.2972750000001
571.822,-202.83545000000007,-275.92409000000004
572.117,-137.73149999999998,-254.99090499999988
572.412,-147.9278999999999,-273.44544999999994
572.706,-217.36364000000003,-299.816365
573.001,-217.8914000000001,-309.6054550000001
573.295,-235.29531499999996,-339.124545
573.59,-243.75248,-354.48863499999993
573.884,-269.95322,-363.543635
574.179,-328.0937700000002,-380.84863000000007
574.473,-322.74448000000007,-379.33091000000013
574.767,-242.53034500000012,-337.9327250000001
575.062,-207.0279400000001,-302.428185
575.356,-242.39821499999994,-305.995905
575.65,-134.21765500000004,-254.5422700000001
575.945,-115.12740999999994,-228.24953999999997
576.239,-182.4361849999999,-241.34681500000002
576.533,-99.08692500000001,-195.14636000000002
576.827,-60.8813649999999,-156.3450049999999
577.121,-49.02031999999991,-124.70181999999994
577.415,-26.643639999999948,-95.15954999999997
577.709,-29.36272500000001,-97.96045499999998
578.003,-44.58349500000003,-122.16272500000002
578.297,-87.4921349999999,-147.8431799999999
578.591,-49.89531500000004,-144.21773000000002
578.885,-52.55790000000002,-175.699995
579.179,-109.66664500000003,-225.2459100000001
579.473,-117.3925549999999,-244.77319
579.767,-201.4677250000001,-302.798175
580.061,-242.33992999999987,-344.3881849999999
580.354,-232.94783499999994,-375.36772499999984
580.648,-349.07066499999985,-464.2827249999999
580.942,-444.39874499999985,-524.9981799999998
581.235,-421.6677299999998,-514.5422749999998
581.529,-363.4066099999999,-490.91045499999984
581.823,-393.50367000000017,-529.518175
582.116,-418.2895800000001,-565.9213600000002
582.41,-355.8359449999999,-543.640455
582.703,-398.30530999999985,-560.8790849999998
582.997,-418.6009499999999,-566.14955
583.29,-392.5835649999999,-547.4377249999999
583.584,-412.38014499999997,-554.1131849999999
583.877,-346.4698950000002,-511.4240900000002
584.17,-284.11272499999984,-472.08818499999995
584.464,-387.4537099999999,-525.1413699999999
584.757,-481.9607349999999,-573.609095
585.05,-431.54325000000006,-553.93091
585.344,-366.52399,-503.78636500000016
585.637,-333.32083999999986,-450.34863499999983
585.93,-256.7106349999999,-387.93500000000006
586.223,-207.79822000000001,-334.747275
586.516,-204.60394500000007,-308.51181499999996
586.809,-146.12432999999987,-272.26680999999985
587.102,-137.2978350000002,-252.0731850000001
587.395,-145.73915499999993,-239.99817499999995
587.688,-26.72901999999999,-172.20363999999995
587.981,1.0253149999999707,-131.17000500000006
588.274,-26.501160000000084,-118.16000000000008
588.567,11.361859999999915,-97.44181000000003
588.86,-27.249050000000068,-122.79727000000003
589.153,-66.63115500000004,-143.92318
589.446,-45.724579999999996,-134.2790900000001
589.738,-48.00982500000007,-135.20091000000002
590.031,-38.95705999999996,-132.05954499999996
590.324,-16.083289999999977,-120.09863999999997
590.617,-31.627834999999955,-121.31408999999991
590.909,-21.717235000000024,-123.55909000000001
591.202,-31.151889999999923,-134.55363499999993
591.494,-34.594510000000014,-139.20000500000003
591.787,-26.19779000000011,-154.84409000000005
592.08,-29.91112000000004,-178.83364000000012
592.372,-80.43272999999994,-206.01591000000005
592.665,-143.0774849999999,-230.23818499999996
592.957,-111.29206000000005,-222.43500000000006
593.249,-112.06859999999995,-236.2113650000001
593.542,-138.76238,-260.6059100000001
593.834,-139.76202999999998,-277.23954999999995
594.126,-192.2335300000001,-320.98727500000007
594.419,-213.33696,-336.32455000000004
594.711,-209.95591000000002,-328.47364000000005
595.003,-179.52859999999998,-320.33318500000007
595.295,-139.77118499999995,-305.77681999999993
595.588,-141.39724000000012,-289.9440950000002
595.88,-137.3828350000001,-275.16091000000006
596.172,-173.17828999999998,-295.97318499999983
596.464,-147.0671400000001,-304.3986450000001
596.756,-153.69283499999995,-318.47727999999995
597.048,-204.25762499999996,-331.003185
597.34,-140.35992999999996,-286.31591000000003
597.632,-122.29748500000005,-257.41864000000004
597.924,-151.69811499999992,-254.51000499999998
598.216,-133.63269500000007,-238.38045500000015
598.508,-64.713595,-200.27090499999997
598.799,-36.9091949999999,-179.39499499999988
599.091,-59.63238000000007,-195.38136500000002
599.383,-59.44821999999995,-213.17681999999996
599.675,-88.11098000000004,-225.605455
599.966,-22.33681500000018,-190.39454500000016
600.258,7.573885000000068,-180.08817999999997
600.55,-90.39556500000002,-237.08091000000002
600.841,-133.06922500000007,-272.11681500000003
601.133,-159.6851099999999,-296.483185
601.425,-208.94836499999985,-333.6850049999998
601.716,-248.61511,-362.73500000000007
602.008,-226.20293999999993,-361.15455
602.299,-220.57136500000001,-356.2690950000001
602.591,-193.43531999999993,-329.8881849999999
602.882,-150.74759000000006,-291.95454500000005
603.173,-169.5542999999999,-284.6259099999999
603.465,-122.92307000000005,-254.43227
603.756,-25.419129999999882,-198.51727499999993
604.047,-22.382450000000127,-178.1981800000001
604.339,-11.10650000000004,-166.29680999999994
604.63,13.31790500000006,-169.36408999999986
604.921,-64.93804500000006,-216.1927300000001
605.212,-123.62635999999998,-246.46226999999996
605.503,-79.75692499999991,-241.67408999999986
605.795,-122.78420000000014,-277.88864000000007
606.086,-196.5395450000001,-319.79727
606.377,-205.92132500000014,-332.43090500000005
606.668,-221.2390200000001,-352.28272500000014
606.959,-231.84146999999984,-373.98272499999996
607.25,-214.69479499999989,-379.664095
607.541,-246.55058999999994,-401.90499999999986
607.832,-256.470495,-403.8072800000001
608.122,-159.07699500000004,-342.03681500000005
608.413,-173.0558349999999,-326.76227000000006
608.704,-214.47549000000015,-333.7177250000001
608.995,-138.00920000000008,-286.7368200000001
609.286,-89.56541500000003,-242.70318000000006
609.576,-78.00902500000016,-233.6140900000001
609.867,-104.75842499999999,-258.934085
610.158,-141.13674500000002,-274.67545
610.448,-108.7234299999999,-247.444545
610.739,-45.59874500000011,-212.54636499999998
611.03,-53.31450999999993,-211.702725
611.32,-79.17559000000013,-229.41954500000003
611.611,-88.07514000000005,-249.5890950000001
611.901,-150.25472000000002,-273.66318500000006
612.192,-157.1275849999999,-271.8313599999999
612.482,-124.99492999999984,-279.81590500000004
612.773,-156.18105000000014,-323.87682000000007
613.063,-186.47087,-344.04363
613.353,-165.34587,-322.491365
613.644,-188.13779499999998,-333.56044999999995
613.934,-235.2473050000001,-366.893635
614.224,-187.6293700000001,-350.1786350000001
614.515,-186.44531500000005,-348.26818000000003
614.805,-159.01038999999992,-336.74772999999993
615.095,-90.80136500000003,-325.43000000000006
615.385,-240.36044999999993,-418.20772
615.675,-334.95941000000005,-474.87228000000005
615.965,-266.6715449999999,-442.2440949999999
616.255,-219.16115000000005,-395.39181500000007
616.546,-236.52539000000002,-389.57363499999997
616.836,-208.68370000000007,-404.80181500000003
617.126,-246.94188999999986,-444.0559099999998
617.415,-353.6218899999999,-483.92773
617.705,-305.78577000000007,-456.59909000000005
617.995,-273.10003500000005,-439.1877250000001
618.285,-263.79544999999996,-434.6968149999999
618.575,-163.842485,-379.55045500000006
618.865,-157.80280000000005,-335.01728000000014
619.155,-178.38591000000008,-314.40182000000004
619.444,-142.2543649999999,-303.4368149999999
619.734,-147.05276499999994,-329.6004549999999
620.024,-194.57734500000004,-362.92318
620.314,-136.17566000000002,-313.40317500000003
620.603,-58.60437000000002,-255.028635
620.893,-157.20934,-302.45591
621.182,-151.19814499999984,-327.2295449999999
621.472,-97.91090499999984,-284.98817999999994
621.761,-89.96066000000008,-234.64135999999996
622.051,-83.49881000000005,-218.1577249999999
622.34,-111.06696000000011,-226.99227500000003
622.63,-90.97349499999996,-224.21908999999994
622.919,-40.63933999999994,-198.88590999999985
623.209,33.969089999999944,-147.285455
623.498,18.65168499999993,-139.13045500000004
623.787,-47.55523999999991,-166.87408500000004
624.077,11.502929999999992,-136.8695499999999
624.366,40.37279499999988,-102.39227500000003
624.655,49.895414999999886,-116.26272500000003
624.944,22.01332000000008,-144.02681999999993
625.234,-43.46572999999995,-152.8681749999999
625.523,-30.196754999999996,-141.24864000000002
625.812,-17.375040000000013,-133.601365
626.101,4.1305900000000975,-125.24863999999998
626.39,17.376679999999965,-120.442725
626.679,19.90989499999995,-123.32136000000003
626.968,17.73160999999999,-118.28727000000003
627.257,14.119960000000049,-108.13727499999997
627.546,16.301825000000008,-106.31726999999997
627.835,2.7833199999999607,-117.17318000000002
628.124,29.75503500000002,-114.87500000000006
628.413,15.200594999999964,-129.56773000000004
628.702,-45.20475000000012,-159.28590500000007
628.991,-35.3699949999999,-166.7736349999999
629.279,-30.264890000000094,-185.45545000000004
629.568,-65.89601499999998,-216.05181999999996
629.857,-47.67489000000002,-230.96772499999992
630.146,-65.47654000000009,-270.268635
630.434,-164.80919499999993,-339.38590499999987
630.723,-223.55311000000003,-391.1654500000001
631.012,-276.20713,-429.84909000000005
631.3,-307.49241000000006,-441.92590500000006
631.589,-256.4502450000001,-412.79272500000013
631.877,-225.82196,-399.50455
632.166,-283.935105,-434.039545
632.455,-290.11109,-440.16499999999996
632.743,-237.67601000000002,-411.2854500000001
633.031,-222.41056500000002,-396.69499999999994
633.32,-183.72972499999995,-367.99454999999995
633.608,-113.1598600000001,-306.37681499999997
633.897,-74.10206500000004,-250.88863500000005
634.185,-40.06367,-210.93726500000014
634.473,-48.1273799999999,-197.79181499999987
634.762,-77.44612000000006,-208.34454999999997
635.05,-69.12020999999993,-204.3445499999999
635.338,10.236254999999858,-165.67500000000013
635.626,24.26719999999994,-160.77818499999995
635.914,-40.31135999999998,-196.00635999999992
636.203,-43.09010500000005,-201.81727000000006
636.491,-13.428184999999871,-185.8977349999999
636.779,-31.358455000000106,-201.24727000000013
637.067,-96.22163999999987,-239.17318499999988
637.355,-101.39346499999999,-242.661365
637.643,-97.67783999999995,-244.99954999999994
637.931,-60.77982500000007,-256.1195500000001
638.219,-116.30604500000003,-454.2995399999999
638.507,-279.7421999999999,-691.68045
638.795,-310.34646999999984,-720.5954549999999
639.083,-273.5375200000001,-694.786365
639.37,-276.0101349999999,-682.5463599999999
639.658,-293.3132499999999,-680.202275
639.946,-249.58440500000006,-656.1127250000001
640.234,-200.89409500000002,-638.13409
640.522,-248.9679050000001,-669.474545
640.809,-303.3878000000001,-702.89364
641.097,-309.4426249999999,-703.64455
641.385,-170.235135,-497.547725
641.672,-42.34352999999999,-264.72409
641.96,-56.8200750000001,-218.13500500000004
642.247,-39.025705000000016,-195.88455
642.535,-48.67206500000013,-206.24773000000013
642.822,-91.95084000000003,-224.60954500000014
643.11,-92.73268999999999,-226.96909000000005
643.397,-56.357695000000035,-225.5772750000001
643.685,-24.79045999999994,-221.94227499999994
643.972,-43.61342499999999,-226.08454500000005
644.26,-91.82978500000002,-237.75180999999998
644.547,-84.50213,-247.95317499999996
644.834,-115.43741,-295.24636
645.122,-201.56146999999999,-354.55409
645.409,-253.37265499999998,-385.08091
645.696,-189.24769000000012,-366.8090900000001
645.984,-165.5319599999999,-362.81408999999996
646.271,-217.17345999999986,-404.851365
646.558,-268.86006499999996,-453.43999999999994
646.845,-300.2081099999999,-461.96363499999995
647.132,-231.674265,-414.0804499999999
647.419,-238.27663999999993,-404.99317999999994
647.706,-284.6785299999999,-415.89545499999986
647.993,-192.38943499999993,-361.86272499999995
648.28,-111.28303999999991,-298.2740849999999
648.567,-132.1241349999999,-283.955005
648.854,-160.47832000000008,-289.41545500000007
649.141,-103.81556,-263.9
649.428,-59.45010499999991,-235.16863499999988
649.715,-4.880559999999946,-188.0786399999999
650.002,16.50832500000007,-150.11363499999993
650.289,-42.757869999999855,-158.6118249999999
650.576,3.2382149999999683,-132.0872750000001
650.862,20.18881499999992,-114.18227000000002
651.149,1.2835699999999548,-120.46363500000001
651.436,28.961465000000032,-133.43863999999996
651.723,-12.043179999999936,-177.66409000000002
652.009,-79.33408999999989,-212.4609099999999
652.296,-81.64733999999999,-219.20363000000003
652.583,-61.990660000000105,-216.56545500000004
652.869,-68.4959750000001,-214.8686350000001
653.156,-67.31972000000007,-208.19954500000011
653.442,-62.227515000000096,-204.40772000000015
653.729,-84.53293000000014,-217.17090500000006
654.015,-60.82723499999999,-222.65454499999998
654.302,-87.51559500000002,-255.329095
654.588,-119.97894500000007,-276.8304500000001
654.875,-40.909789999999816,-237.69045499999993
655.161,6.594965000000002,-216.14453999999995
655.448,-80.66685500000006,-266.4054550000001
655.734,-141.26538500000004,-301.33681500000006
656.02,-113.80531499999995,-288.63727
656.306,-109.7082549999999,-302.5899999999999
656.593,-163.2723400000001,-361.941365
656.879,-279.58815000000004,-440.7131850000002
657.165,-341.16985999999986,-480.8027249999999
657.451,-323.97976000000006,-479.52591499999994
657.738,-339.29751999999996,-482.965455
658.024,-362.8158699999999,-500.96136
658.31,-395.11433999999997,-537.1031849999999
658.596,-370.14856499999996,-546.706815
658.882,-430.989365,-580.01318
659.168,-577.6162249999999,-647.7822699999998
659.454,-581.7493000000001,-669.9440900000001
659.74,-559.627595,-662.15773
660.026,-480.81427999999994,-609.8000000000001
660.312,-518.739955,-614.3085
660.598,-554.2740599999998,-637.9544499999997
660.884,-567.6179150000003,-657.6306250000002
661.17,-608.0950949999999,-691.6935799999999
661.455,-565.6388099999999,-688.0991649999999
