Time (hours),Date/Time,Temperature (ºC)_incubator,Humidity (%RH)_incubator,Pressure (hPA)_incubator,Light (lux)_incubator,Temperature (ºC)_hypomagnetic,Humidity (%RH)_hypomagnetic,Pressure (hPA)_hypomagnetic,Light (lux)_hypomagnetic
6.0,2024-06-07 02:00:00+00:00,20.5725,61.2,998.275,0.0,20.3325,62.14,998.975,0.0
5.983333333333333,2024-06-07 01:59:00+00:00,20.57,61.19,998.2675,0.0,20.3375,62.1275,998.965,0.0
5.966666666666667,2024-06-07 01:58:00+00:00,20.57,61.17,998.275,0.0,20.335,62.1325,998.9675,0.0
5.95,2024-06-07 01:57:00+00:00,20.566666666666663,61.18333333333334,998.2433333333332,0.0,20.345,62.145,998.95,0.0
5.933333333333334,2024-06-07 01:56:00+00:00,20.57,61.190000000000005,998.24,0.0,20.3425,62.145,998.975,0.0
5.916666666666667,2024-06-07 01:55:00+00:00,20.5675,61.185,998.2425,0.0,20.34,62.1425,998.925,0.0
5.9,2024-06-07 01:54:00+00:00,20.58,61.16,998.21,0.0,20.3425,62.14,998.925,0.0
5.883333333333334,2024-06-07 01:53:00+00:00,20.555,61.185,998.225,0.0,20.3425,62.1475,998.905,0.0
5.866666666666666,2024-06-07 01:52:00+00:00,20.58,61.185,998.21,0.0,20.33,62.1375,998.9125,0.0
5.85,2024-06-07 01:51:00+00:00,20.57,61.1875,998.245,0.0,20.3525,62.1475,998.935,0.0
5.833333333333333,2024-06-07 01:50:00+00:00,20.555,61.165,998.2,0.0,20.3375,62.1525,998.9275,0.0
5.816666666666666,2024-06-07 01:49:00+00:00,20.58,61.175,998.225,0.0,20.3375,62.1425,998.925,0.0
5.8,2024-06-07 01:48:00+00:00,20.5775,61.1675,998.215,0.0,20.3325,62.13,998.915,0.0
5.783333333333333,2024-06-07 01:47:00+00:00,20.5775,61.17,998.2275,0.0,20.335,62.135000000000005,998.935,0.0
5.766666666666667,2024-06-07 01:46:00+00:00,20.58,61.18333333333334,998.21,0.0,20.335,62.14,998.9025,0.0
5.75,2024-06-07 01:45:00+00:00,20.58,61.175,998.195,0.0,20.335,62.14999999999999,998.895,0.0
5.733333333333333,2024-06-07 01:44:00+00:00,20.57,61.17,998.1825,0.0,20.3425,62.1325,998.89,0.0
5.716666666666667,2024-06-07 01:43:00+00:00,20.57,61.17,998.1875,0.0,20.325,62.145,998.88,0.0
5.7,2024-06-07 01:42:00+00:00,20.575,61.175,998.175,0.0,20.3375,62.1475,998.8725,0.0
5.683333333333334,2024-06-07 01:41:00+00:00,20.5725,61.17,998.1475,0.0,20.3375,62.11999999999999,998.865,0.0
5.666666666666667,2024-06-07 01:40:00+00:00,20.5725,61.1625,998.14,0.0,20.335,62.1575,998.865,0.0
5.65,2024-06-07 01:39:00+00:00,20.575,61.16,998.17,0.0,20.335,62.1275,998.8675,0.0
5.633333333333334,2024-06-07 01:38:00+00:00,20.565,61.1575,998.1675,0.0,20.3375,62.1475,998.875,0.0
5.616666666666666,2024-06-07 01:37:00+00:00,20.575,61.165,998.155,0.0,20.3225,62.14,998.8825,0.0
5.6,2024-06-07 01:36:00+00:00,20.5675,61.14999999999999,998.17,0.0,20.3325,62.1475,998.8875,0.0
5.583333333333333,2024-06-07 01:35:00+00:00,20.5725,61.1575,998.1775,0.0,20.3275,62.145,998.875,0.0
5.566666666666666,2024-06-07 01:34:00+00:00,20.57,61.125,998.1625,0.0,20.3425,62.1525,998.9,0.0
5.55,2024-06-07 01:33:00+00:00,20.57,61.16,998.1933333333332,0.0,20.3375,62.16,998.905,0.0
5.533333333333333,2024-06-07 01:32:00+00:00,20.56,61.17,998.19,0.0,20.33,62.145,998.905,0.0
5.516666666666667,2024-06-07 01:31:00+00:00,20.57333333333333,61.17333333333334,998.1866666666666,0.0,20.335,62.1525,998.9,0.0
5.5,2024-06-07 01:30:00+00:00,20.5625,61.1475,998.195,0.0,20.3425,62.150000000000006,998.8925,0.0
5.483333333333333,2024-06-07 01:29:00+00:00,20.55333333333333,61.16,998.1866666666666,0.0,20.34,62.155,998.9225,0.0
5.466666666666667,2024-06-07 01:28:00+00:00,20.585,61.17,998.21,0.0,20.325,62.1425,998.895,0.0
5.45,2024-06-07 01:27:00+00:00,20.56,61.16,998.2133333333336,0.0,20.335,62.16,998.885,0.0
5.433333333333334,2024-06-07 01:26:00+00:00,20.565,61.1475,998.2075,0.0,20.34,62.165000000000006,998.9,0.0
5.416666666666667,2024-06-07 01:25:00+00:00,20.565,61.14500000000001,998.2075,0.0,20.3225,62.1575,998.875,0.0
5.4,2024-06-07 01:24:00+00:00,20.59,61.15,998.21,0.0,20.325,62.165000000000006,998.89,0.0
5.383333333333334,2024-06-07 01:23:00+00:00,20.566666666666663,61.156666666666666,998.1966666666668,0.0,20.32,62.155,998.9025,0.0
5.366666666666666,2024-06-07 01:22:00+00:00,20.5675,61.145,998.2225,0.0,20.33,62.165000000000006,998.89,0.0
5.35,2024-06-07 01:21:00+00:00,20.5675,61.1675,998.225,0.0,20.325,62.1625,998.9,0.0
5.333333333333333,2024-06-07 01:20:00+00:00,20.57,61.15,998.24,0.0,20.335,62.1775,998.89,0.0
5.316666666666666,2024-06-07 01:19:00+00:00,20.57,61.15,998.2125,0.0,20.315,62.18000000000001,998.8725,0.0
5.3,2024-06-07 01:18:00+00:00,20.5775,61.1525,998.21,0.0,20.32,62.1725,998.865,0.0
5.283333333333333,2024-06-07 01:17:00+00:00,20.5575,61.1475,998.1925,0.0,20.3325,62.1625,998.85,0.0
5.266666666666667,2024-06-07 01:16:00+00:00,20.56,61.14,998.175,0.0,20.3175,62.175,998.8925,0.0
5.25,2024-06-07 01:15:00+00:00,20.563333333333333,61.14333333333334,998.21,0.0,20.315,62.175,998.8475,0.0
5.233333333333333,2024-06-07 01:14:00+00:00,20.5625,61.135000000000005,998.195,0.0,20.3175,62.1625,998.845,0.0
5.216666666666667,2024-06-07 01:13:00+00:00,20.5675,61.127500000000005,998.18,0.0,20.325,62.1675,998.8525,0.0
5.2,2024-06-07 01:12:00+00:00,20.575,61.135000000000005,998.1775,0.0,20.3325,62.1725,998.8225,0.0
5.183333333333334,2024-06-07 01:11:00+00:00,20.56,61.155,998.155,0.0,20.3225,62.182500000000005,998.8175,0.0
5.166666666666667,2024-06-07 01:10:00+00:00,20.565,61.125,998.1625,0.0,20.3325,62.18,998.8049999999998,0.0
5.15,2024-06-07 01:09:00+00:00,20.575,61.125,998.1875,0.0,20.315,62.175,998.8,0.0
5.133333333333334,2024-06-07 01:08:00+00:00,20.555,61.145,998.1675,0.0,20.315,62.175,998.815,0.0
5.116666666666666,2024-06-07 01:07:00+00:00,20.58,61.135,998.165,0.0,20.32,62.1875,998.8375,0.0
5.1,2024-06-07 01:06:00+00:00,20.555,61.13,998.155,0.0,20.3125,62.1725,998.8125,0.0
5.083333333333333,2024-06-07 01:05:00+00:00,20.565,61.13,998.16,0.0,20.3075,62.185,998.8175,0.0
5.066666666666666,2024-06-07 01:04:00+00:00,20.58,61.1275,998.1525,0.0,20.325,62.19,998.815,0.0
5.05,2024-06-07 01:03:00+00:00,20.56,61.11,998.15,0.0,20.3125,62.182500000000005,998.7975,0.0
5.033333333333333,2024-06-07 01:02:00+00:00,20.56,61.13,998.13,0.0,20.3175,62.185,998.8075,0.0
5.016666666666667,2024-06-07 01:01:00+00:00,20.565,61.135000000000005,998.17,0.0,20.3125,62.195,998.815,0.0
5.0,2024-06-07 01:00:00+00:00,20.5775,61.115,998.1475,0.0,20.315,62.182500000000005,998.81,0.0
4.983333333333333,2024-06-07 00:59:00+00:00,20.59,61.12,998.15,0.0,20.31,62.17999999999999,998.8125,0.0
4.966666666666667,2024-06-07 00:58:00+00:00,20.58,61.14,998.13,0.0,20.31,62.182500000000005,998.795,0.0
4.95,2024-06-07 00:57:00+00:00,20.565,61.1225,998.1325,0.0,20.31,62.2,998.7925,0.0
4.933333333333334,2024-06-07 00:56:00+00:00,20.576666666666664,61.10333333333333,998.1333333333332,0.0,20.315,62.21,998.8025,0.0
4.916666666666667,2024-06-07 00:55:00+00:00,20.59,61.14,998.12,0.0,20.3175,62.21,998.7975,0.0
4.9,2024-06-07 00:54:00+00:00,20.56,61.12,998.13,0.0,20.3075,62.195,998.8,0.0
4.883333333333334,2024-06-07 00:53:00+00:00,20.56,61.1175,998.1475,0.0,20.3125,62.21,998.815,0.0
4.866666666666666,2024-06-07 00:52:00+00:00,20.565,61.105,998.1475,0.0,20.3075,62.2,998.8075,0.0
4.85,2024-06-07 00:51:00+00:00,20.586666666666662,61.123333333333335,998.1266666666668,0.0,20.305,62.19749999999999,998.81,0.0
4.833333333333333,2024-06-07 00:50:00+00:00,20.56,61.1,998.13,0.0,20.3,62.205000000000005,998.81,0.0
4.816666666666666,2024-06-07 00:49:00+00:00,20.555,61.11,998.1625,0.0,20.3025,62.19500000000001,998.8225,0.0
4.8,2024-06-07 00:48:00+00:00,20.5675,61.1,998.14,0.0,20.3125,62.2125,998.81,0.0
4.783333333333333,2024-06-07 00:47:00+00:00,20.57,61.09,998.115,0.0,20.3,62.21,998.82,0.0
4.766666666666667,2024-06-07 00:46:00+00:00,20.566666666666663,61.09666666666667,998.14,0.0,20.2975,62.2025,998.79,0.0
4.75,2024-06-07 00:45:00+00:00,20.565,61.10249999999999,998.1325,0.0,20.2975,62.2075,998.8225,0.0
4.733333333333333,2024-06-07 00:44:00+00:00,20.5675,61.105,998.1375,0.0,20.3075,62.2175,998.8125,0.0
4.716666666666667,2024-06-07 00:43:00+00:00,20.5625,61.08,998.15,0.0,20.3075,62.21,998.8075,0.0
4.7,2024-06-07 00:42:00+00:00,20.56,61.105,998.165,0.0,20.305,62.2075,998.82,0.0
4.683333333333334,2024-06-07 00:41:00+00:00,20.565,61.105,998.19,0.0,20.305,62.2025,998.8475,0.0
4.666666666666667,2024-06-07 00:40:00+00:00,20.5625,61.0925,998.1875,0.0,20.3125,62.205,998.87,0.0
4.65,2024-06-07 00:39:00+00:00,20.56,61.105,998.1875,0.0,20.315,62.2125,998.8725,0.0
4.633333333333334,2024-06-07 00:38:00+00:00,20.566666666666663,61.09,998.1966666666668,0.0,20.3075,62.22,998.8825,0.0
4.616666666666666,2024-06-07 00:37:00+00:00,20.5625,61.0825,998.2025,0.0,20.29,62.205,998.8675,0.0
4.6,2024-06-07 00:36:00+00:00,20.5625,61.095,998.21,0.0,20.3,62.2175,998.89,0.0
4.583333333333333,2024-06-07 00:35:00+00:00,20.565,61.1,998.235,0.0,20.29,62.2175,998.8975,0.0
4.566666666666666,2024-06-07 00:34:00+00:00,20.555,61.08,998.2275,0.0,20.3025,62.2175,998.92,0.0
4.550000000000001,2024-06-07 00:33:00+00:00,20.55,61.09,998.21,0.0,20.3025,62.215,998.9125,0.0
4.533333333333334,2024-06-07 00:32:00+00:00,20.563333333333333,61.09,998.23,0.0,20.3075,62.2375,998.9075,0.0
4.5166666666666675,2024-06-07 00:31:00+00:00,20.555,61.085,998.2475,0.0,20.2975,62.2425,998.925,0.0
4.500000000000001,2024-06-07 00:30:00+00:00,20.56,61.095,998.245,0.0,20.2975,62.23,998.9325,0.0
4.483333333333334,2024-06-07 00:29:00+00:00,20.58,61.085,998.265,0.0,20.3,62.22,998.9525,0.0
4.466666666666667,2024-06-07 00:28:00+00:00,20.5525,61.055,998.3,0.0,20.2975,62.2325,998.9725,0.0
4.45,2024-06-07 00:27:00+00:00,20.57,61.0875,998.285,0.0,20.295,62.2275,998.9775,0.0
4.433333333333334,2024-06-07 00:26:00+00:00,20.55,61.08,998.275,0.0,20.2925,62.2175,998.97,0.0
4.416666666666667,2024-06-07 00:25:00+00:00,20.55333333333333,61.07666666666666,998.3266666666668,0.0,20.305,62.235,999.0,0.0
4.4,2024-06-07 00:24:00+00:00,20.5625,61.0775,998.3325,0.0,20.29,62.212500000000006,999.005,0.0
4.383333333333334,2024-06-07 00:23:00+00:00,20.555,61.07,998.3075,0.0,20.3,62.21,999.005,0.0
4.366666666666667,2024-06-07 00:22:00+00:00,20.555,61.06999999999999,998.36,0.0,20.295,62.23,999.0425,0.0
4.3500000000000005,2024-06-07 00:21:00+00:00,20.5475,61.06,998.3875,0.0,20.2975,62.2225,999.0625,0.0
4.333333333333334,2024-06-07 00:20:00+00:00,20.55666666666667,61.07666666666668,998.39,0.0,20.295,62.23,999.0625,0.0
4.316666666666667,2024-06-07 00:19:00+00:00,20.5675,61.07,998.3925,0.0,20.2975,62.2225,999.08,0.0
4.300000000000001,2024-06-07 00:18:00+00:00,20.5575,61.06,998.42,0.0,20.2925,62.227500000000006,999.1,0.0
4.283333333333334,2024-06-07 00:17:00+00:00,20.566666666666663,61.056666666666665,998.4066666666666,0.0,20.2975,62.2325,999.0975,0.0
4.2666666666666675,2024-06-07 00:16:00+00:00,20.56,61.072500000000005,998.3975,0.0,20.2975,62.22,999.1025,0.0
4.250000000000001,2024-06-07 00:15:00+00:00,20.5775,61.065,998.43,0.0,20.305,62.220000000000006,999.095,0.0
4.233333333333334,2024-06-07 00:14:00+00:00,20.575,61.0425,998.4275,0.0,20.2975,62.2375,999.1125,0.0
4.216666666666667,2024-06-07 00:13:00+00:00,20.5575,61.057500000000005,998.4425,0.0,20.29,62.22,999.1225,0.0
4.2,2024-06-07 00:12:00+00:00,20.555,61.06,998.455,0.0,20.295,62.2075,999.13,0.0
4.183333333333334,2024-06-07 00:11:00+00:00,20.5675,61.055,998.4425,0.0,20.2975,62.225,999.125,0.0
4.166666666666667,2024-06-07 00:10:00+00:00,20.5625,61.045,998.435,0.0,20.3,62.22,999.1675,0.0
4.15,2024-06-07 00:09:00+00:00,20.5625,61.065,998.44,0.0,20.2975,62.23,999.1525,0.0
4.133333333333334,2024-06-07 00:08:00+00:00,20.56,61.025000000000006,998.46,0.0,20.305,62.22,999.145,0.0
4.116666666666667,2024-06-07 00:07:00+00:00,20.546666666666667,61.03666666666667,998.4733333333334,0.0,20.3,62.225,999.1375,0.0
4.1000000000000005,2024-06-07 00:06:00+00:00,20.5675,61.035,998.455,0.0,20.2975,62.235,999.14,0.0
4.083333333333334,2024-06-07 00:05:00+00:00,20.55,61.040000000000006,998.46,0.0,20.28,62.2175,999.1675,0.0
4.066666666666667,2024-06-07 00:04:00+00:00,20.55,61.04,998.485,0.0,20.29,62.2175,999.17,0.0
4.05,2024-06-07 00:03:00+00:00,20.56,61.05,998.55,0.0,20.3075,62.22,999.1825,0.0
4.033333333333333,2024-06-07 00:02:00+00:00,20.5625,61.025,998.53,0.0,20.29,62.225,999.2,0.0
4.016666666666667,2024-06-07 00:01:00+00:00,20.565,61.0325,998.5575,0.0,20.3,62.21,999.2275,0.0
4.0,2024-06-07 00:00:00+00:00,20.55,61.05,998.58,0.0,20.2975,62.212500000000006,999.2475,0.0
3.9833333333333334,2024-06-06 23:59:00+00:00,20.56,61.025000000000006,998.53,0.0,20.295,62.2175,999.2375,0.0
3.966666666666667,2024-06-06 23:58:00+00:00,20.56,61.02,998.5575,0.0,20.295,62.225,999.2475,0.0
3.95,2024-06-06 23:57:00+00:00,20.5625,61.025,998.5775,0.0,20.2825,62.2125,999.2725,0.0
3.933333333333333,2024-06-06 23:56:00+00:00,20.56,61.0,998.62,0.0,20.3,62.215,999.285,0.0
3.9166666666666665,2024-06-06 23:55:00+00:00,20.56,61.01,998.59,0.0,20.2975,62.2075,999.3,0.0
3.9,2024-06-06 23:54:00+00:00,20.566666666666663,61.00333333333333,998.6166666666668,0.0,20.305,62.2225,999.2949999999998,0.0
3.8833333333333333,2024-06-06 23:53:00+00:00,20.5625,61.01,998.63,0.0,20.3025,62.2075,999.3,0.0
3.8666666666666667,2024-06-06 23:52:00+00:00,20.555,61.01,998.6425,0.0,20.29,62.2225,999.2875,0.0
3.85,2024-06-06 23:51:00+00:00,20.57333333333333,61.0,998.6266666666668,0.0,20.3,62.2175,999.305,0.0
3.8333333333333335,2024-06-06 23:50:00+00:00,20.57,60.9925,998.66,0.0,20.2975,62.21,999.315,0.0
3.816666666666667,2024-06-06 23:49:00+00:00,20.565,61.005,998.6625,0.0,20.2975,62.2,999.31,0.0
3.8,2024-06-06 23:48:00+00:00,20.5625,60.99,998.6825,0.0,20.3025,62.2175,999.3275,0.0
3.783333333333333,2024-06-06 23:47:00+00:00,20.57333333333333,61.00333333333334,998.7333333333332,0.0,20.29,62.22,999.3625,0.0
3.7666666666666666,2024-06-06 23:46:00+00:00,20.565,61.005,998.7675,0.0,20.3025,62.220000000000006,999.4,0.0
3.75,2024-06-06 23:45:00+00:00,20.565,60.9975,998.735,0.0,20.3025,62.1975,999.43,0.0
3.7333333333333334,2024-06-06 23:44:00+00:00,20.5525,60.99,998.81,0.0,20.295,62.182500000000005,999.4475,0.0
3.716666666666667,2024-06-06 23:43:00+00:00,20.5525,60.995000000000005,998.82,0.0,20.2875,62.2125,999.4675,0.0
3.7,2024-06-06 23:42:00+00:00,20.56,60.99,998.83,0.0,20.295,62.21,999.4725,0.0
3.683333333333333,2024-06-06 23:41:00+00:00,20.555,60.975,998.86,0.0,20.2925,62.197500000000005,999.4925,0.0
3.6666666666666665,2024-06-06 23:40:00+00:00,20.5675,60.995000000000005,998.885,0.0,20.275,62.185,999.525,0.0
3.65,2024-06-06 23:39:00+00:00,20.566666666666663,60.98,998.9033333333332,0.0,20.2875,62.2,999.5475,0.0
3.6333333333333333,2024-06-06 23:38:00+00:00,20.57,60.97,998.905,0.0,20.295,62.1875,999.535,0.0
3.6166666666666667,2024-06-06 23:37:00+00:00,20.55333333333333,60.97333333333333,998.92,0.0,20.28,62.195,999.5375,0.0
3.6,2024-06-06 23:36:00+00:00,20.555,60.975,998.8925,0.0,20.29,62.190000000000005,999.595,0.0
3.5833333333333335,2024-06-06 23:35:00+00:00,20.5625,60.97,998.91,0.0,20.295,62.1675,999.585,0.0
3.566666666666667,2024-06-06 23:34:00+00:00,20.56,60.97,998.95,0.0,20.295,62.185,999.595,0.0
3.55,2024-06-06 23:33:00+00:00,20.56,60.98,998.96,0.0,20.3,62.182500000000005,999.6025,0.0
3.533333333333333,2024-06-06 23:32:00+00:00,20.56,60.9525,998.97,0.0,20.2875,62.182500000000005,999.6225,0.0
3.5166666666666666,2024-06-06 23:31:00+00:00,20.563333333333333,60.97666666666667,998.9933333333332,0.0,20.2825,62.1925,999.63,0.0
3.5,2024-06-06 23:30:00+00:00,20.57,60.975,998.995,0.0,20.2925,62.1725,999.63,0.0
3.4833333333333334,2024-06-06 23:29:00+00:00,20.565,60.955,999.015,0.0,20.3,62.18,999.6625,0.0
3.466666666666667,2024-06-06 23:28:00+00:00,20.555,60.97,999.0025,0.0,20.2975,62.165,999.67,0.0
3.45,2024-06-06 23:27:00+00:00,20.57,60.9425,999.0325,0.0,20.285,62.17,999.675,0.0
3.433333333333333,2024-06-06 23:26:00+00:00,20.58,60.96,999.01,0.0,20.2925,62.1725,999.69,0.0
3.4166666666666665,2024-06-06 23:25:00+00:00,20.56,60.946666666666665,999.0233333333332,0.0,20.285,62.1675,999.69,0.0
3.4,2024-06-06 23:24:00+00:00,20.555,60.945,999.035,0.0,20.2825,62.1725,999.655,0.0
3.3833333333333333,2024-06-06 23:23:00+00:00,20.55,60.935,999.05,0.0,20.285,62.18,999.6775,0.0
3.3666666666666667,2024-06-06 23:22:00+00:00,20.5575,60.9375,999.0325,0.0,20.2775,62.155,999.6625,0.0
3.35,2024-06-06 23:21:00+00:00,20.57333333333333,60.95666666666667,999.02,0.0,20.2875,62.16,999.665,0.0
3.3333333333333335,2024-06-06 23:20:00+00:00,20.56,60.935,999.035,0.0,20.295,62.157500000000006,999.69,0.0
3.316666666666667,2024-06-06 23:19:00+00:00,20.5725,60.947500000000005,999.0625,0.0,20.2875,62.1725,999.715,0.0
3.3,2024-06-06 23:18:00+00:00,20.5625,60.94499999999999,999.08,0.0,20.2925,62.145,999.73,0.0
3.283333333333333,2024-06-06 23:17:00+00:00,20.566666666666663,60.95000000000001,999.09,0.0,20.29,62.1575,999.7275,0.0
3.2666666666666666,2024-06-06 23:16:00+00:00,20.5525,60.9275,999.1,0.0,20.2775,62.165,999.7375,0.0
3.25,2024-06-06 23:15:00+00:00,20.5625,60.9375,999.0975,0.0,20.295,62.1525,999.735,0.0
3.2333333333333334,2024-06-06 23:14:00+00:00,20.56,60.915,999.0975,0.0,20.28,62.1375,999.73,0.0
3.216666666666667,2024-06-06 23:13:00+00:00,20.55666666666667,60.93,999.09,0.0,20.28,62.14000000000001,999.735,0.0
3.2,2024-06-06 23:12:00+00:00,20.555,60.935,999.095,0.0,20.29,62.1425,999.76,0.0
3.183333333333333,2024-06-06 23:11:00+00:00,20.56,60.905,999.095,0.0,20.285,62.1325,999.76,0.0
3.1666666666666665,2024-06-06 23:10:00+00:00,20.57333333333333,60.92666666666667,999.11,0.0,20.29,62.14999999999999,999.755,0.0
3.15,2024-06-06 23:09:00+00:00,20.56,60.93,999.13,0.0,20.2725,62.145,999.76,0.0
3.1333333333333333,2024-06-06 23:08:00+00:00,20.56,60.91,999.18,0.0,20.275,62.1475,999.7675,0.0
3.1166666666666667,2024-06-06 23:07:00+00:00,20.566666666666663,60.91,999.11,0.0,20.2875,62.13,999.7625,0.0
3.1,2024-06-06 23:06:00+00:00,20.5725,60.92,999.1675,0.0,20.28,62.1275,999.8125,0.0
3.0833333333333335,2024-06-06 23:05:00+00:00,20.58666666666667,60.906666666666666,999.1433333333332,0.0,20.29,62.1325,999.7975,0.0
3.066666666666667,2024-06-06 23:04:00+00:00,20.58,60.91,999.12,0.0,20.2725,62.12,999.8175,0.0
3.05,2024-06-06 23:03:00+00:00,20.55,60.89666666666667,999.1733333333332,0.0,20.28,62.13,999.825,0.0
3.033333333333333,2024-06-06 23:02:00+00:00,20.5625,60.89,999.195,0.0,20.27,62.127500000000005,999.8675,0.0
3.0166666666666666,2024-06-06 23:01:00+00:00,20.5525,60.9025,999.1975,0.0,20.285,62.13,999.88,0.0
3.0,2024-06-06 23:00:00+00:00,20.55,60.88,999.22,0.0,20.2875,62.120000000000005,999.8825,0.0
2.9833333333333334,2024-06-06 22:59:00+00:00,20.57333333333333,60.88666666666666,999.2433333333332,0.0,20.28,62.1075,999.8975,0.0
2.966666666666667,2024-06-06 22:58:00+00:00,20.5625,60.8875,999.2575,0.0,20.2675,62.115,999.9375,0.0
2.95,2024-06-06 22:57:00+00:00,20.56,60.88,999.24,0.0,20.2575,62.125,999.945,0.0
2.933333333333333,2024-06-06 22:56:00+00:00,20.56,60.9,999.28,0.0,20.2725,62.1275,999.9625,0.0
2.9166666666666665,2024-06-06 22:55:00+00:00,20.56,60.88,999.3,0.0,20.27,62.1275,999.975,0.0
2.9,2024-06-06 22:54:00+00:00,20.56,60.89,999.2875,0.0,20.2725,62.1075,999.9875,0.0
2.8833333333333333,2024-06-06 22:53:00+00:00,20.5725,60.8725,999.335,0.0,20.27,62.115,1000.0425,0.0
2.8666666666666667,2024-06-06 22:52:00+00:00,20.555,60.8825,999.37,0.0,20.265,62.14,1000.06,0.0
2.85,2024-06-06 22:51:00+00:00,20.59,60.870000000000005,999.37,0.0,20.2775,62.1125,1000.055,0.0
2.8333333333333335,2024-06-06 22:50:00+00:00,20.5675,60.8725,999.4225,0.0,20.26,62.105,1000.075,0.0
2.816666666666667,2024-06-06 22:49:00+00:00,20.565,60.8725,999.3925,0.0,20.275,62.12,1000.085,0.0
2.8,2024-06-06 22:48:00+00:00,20.57,60.873333333333335,999.4033333333332,0.0,20.2675,62.115,1000.085,0.0
2.783333333333333,2024-06-06 22:47:00+00:00,20.55333333333333,60.85666666666666,999.4066666666666,0.0,20.265,62.11,1000.0825,0.0
2.7666666666666666,2024-06-06 22:46:00+00:00,20.57,60.8725,999.3825,0.0,20.2625,62.1075,1000.0775,0.0
2.75,2024-06-06 22:45:00+00:00,20.58,60.86000000000001,999.39,0.0,20.26,62.11,1000.0825,0.0
2.7333333333333334,2024-06-06 22:44:00+00:00,20.55666666666667,60.85,999.4366666666668,0.0,20.2725,62.135,1000.0975,0.0
2.716666666666667,2024-06-06 22:43:00+00:00,20.53,60.86,999.39,0.0,20.26,62.1075,1000.095,0.0
2.7,2024-06-06 22:42:00+00:00,20.56,60.855,999.42,0.0,20.255000000000003,62.1225,1000.1,0.0
2.683333333333333,2024-06-06 22:41:00+00:00,20.5475,60.8425,999.3875,0.0,20.2675,62.1175,1000.0975,0.0
2.6666666666666665,2024-06-06 22:40:00+00:00,20.5675,60.8475,999.4125,0.0,20.25,62.115,1000.09,0.0
2.65,2024-06-06 22:39:00+00:00,20.56,60.855,999.415,0.0,20.26,62.1025,1000.0925,0.0
2.6333333333333333,2024-06-06 22:38:00+00:00,20.56,60.84,999.42,0.0,20.2525,62.1075,1000.085,0.0
2.6166666666666667,2024-06-06 22:37:00+00:00,20.555,60.8475,999.4275,0.0,20.255,62.12,1000.0925,0.0
2.6,2024-06-06 22:36:00+00:00,20.5575,60.835,999.44,0.0,20.2575,62.1225,1000.1225,0.0
2.5833333333333335,2024-06-06 22:35:00+00:00,20.58,60.84,999.45,0.0,20.26,62.127500000000005,1000.1325,0.0
2.566666666666667,2024-06-06 22:34:00+00:00,20.56,60.84,999.43,0.0,20.2525,62.1325,1000.135,0.0
2.55,2024-06-06 22:33:00+00:00,20.56,60.8425,999.44,0.0,20.2475,62.1425,1000.1175,0.0
2.533333333333333,2024-06-06 22:32:00+00:00,20.5525,60.8425,999.465,0.0,20.255000000000003,62.125,1000.1475,0.0
2.5166666666666666,2024-06-06 22:31:00+00:00,20.575,60.8275,999.465,0.0,20.2475,62.13249999999999,1000.165,0.0
2.5,2024-06-06 22:30:00+00:00,20.56,60.84,999.46,0.0,20.25,62.13249999999999,1000.16,0.0
2.4833333333333334,2024-06-06 22:29:00+00:00,20.5725,60.8325,999.485,0.0,20.245,62.1425,1000.1675,0.0
2.466666666666667,2024-06-06 22:28:00+00:00,20.5525,60.8375,999.4525,0.0,20.245,62.14,1000.1475,0.0
2.45,2024-06-06 22:27:00+00:00,20.57,60.82,999.43,0.0,20.2425,62.1425,1000.1525,0.0
2.433333333333333,2024-06-06 22:26:00+00:00,20.566666666666663,60.81666666666666,999.3933333333332,0.0,20.235,62.145,1000.1325,0.0
2.4166666666666665,2024-06-06 22:25:00+00:00,20.57,60.8275,999.43,0.0,20.24,62.17,1000.125,0.0
2.4,2024-06-06 22:24:00+00:00,20.5575,60.83,999.4675,0.0,20.2375,62.1425,1000.1625,0.0
2.3833333333333333,2024-06-06 22:23:00+00:00,20.5575,60.835,999.4775,0.0,20.23,62.1425,1000.19,0.0
2.3666666666666667,2024-06-06 22:22:00+00:00,20.565,60.815,999.485,0.0,20.225,62.155,1000.1825,0.0
2.35,2024-06-06 22:21:00+00:00,20.55,60.83,999.53,0.0,20.225,62.145,1000.21,0.0
2.3333333333333335,2024-06-06 22:20:00+00:00,20.56,60.815,999.485,0.0,20.235,62.155,1000.175,0.0
2.316666666666667,2024-06-06 22:19:00+00:00,20.5625,60.82000000000001,999.4825,0.0,20.2425,62.1625,1000.155,0.0
2.3,2024-06-06 22:18:00+00:00,20.56,60.8175,999.49,0.0,20.24,62.17999999999999,1000.1725,0.0
2.283333333333333,2024-06-06 22:17:00+00:00,20.563333333333333,60.81,999.4533333333334,0.0,20.22,62.18000000000001,1000.1625,0.0
2.266666666666667,2024-06-06 22:16:00+00:00,20.545,60.805,999.4775,0.0,20.2325,62.182500000000005,1000.165,0.0
2.2500000000000004,2024-06-06 22:15:00+00:00,20.5525,60.807500000000005,999.4775,0.0,20.225,62.15,1000.165,0.0
2.2333333333333334,2024-06-06 22:14:00+00:00,20.55666666666667,60.8,999.46,0.0,20.2225,62.175,1000.1425,0.0
2.216666666666667,2024-06-06 22:13:00+00:00,20.546666666666667,60.80666666666667,999.48,0.0,20.225,62.18,1000.1575,0.0
2.2,2024-06-06 22:12:00+00:00,20.55,60.7975,999.4725,0.0,20.225,62.1975,1000.16,0.0
2.1833333333333336,2024-06-06 22:11:00+00:00,20.55,60.79,999.515,0.0,20.2125,62.19,1000.185,0.0
2.166666666666667,2024-06-06 22:10:00+00:00,20.545,60.7925,999.495,0.0,20.2175,62.185,1000.1625,0.0
2.1500000000000004,2024-06-06 22:09:00+00:00,20.55,60.79,999.5025,0.0,20.205,62.2125,1000.165,0.0
2.1333333333333337,2024-06-06 22:08:00+00:00,20.5625,60.8125,999.515,0.0,20.21,62.2125,1000.195,0.0
2.116666666666667,2024-06-06 22:07:00+00:00,20.56,60.7925,999.5275,0.0,20.21,62.205000000000005,1000.21,0.0
2.1,2024-06-06 22:06:00+00:00,20.55333333333333,60.79333333333333,999.5133333333332,0.0,20.21,62.212500000000006,1000.1975,0.0
2.0833333333333335,2024-06-06 22:05:00+00:00,20.5475,60.7775,999.5375,0.0,20.2075,62.215,1000.2125,0.0
2.066666666666667,2024-06-06 22:04:00+00:00,20.555,60.7925,999.545,0.0,20.195,62.2125,1000.215,0.0
2.0500000000000003,2024-06-06 22:03:00+00:00,20.555,60.7825,999.5625,0.0,20.2,62.2,1000.24,0.0
2.0333333333333337,2024-06-06 22:02:00+00:00,20.5625,60.7725,999.56,0.0,20.2025,62.2125,1000.2525,0.0
2.0166666666666666,2024-06-06 22:01:00+00:00,20.555,60.7725,999.605,0.0,20.2,62.2275,1000.28,0.0
2.0,2024-06-06 22:00:00+00:00,20.54,60.76499999999999,999.5925,0.0,20.2025,62.23,1000.2575,0.0
1.9833333333333334,2024-06-06 21:59:00+00:00,20.5625,60.775,999.5725,0.0,20.195,62.24,1000.255,0.0
1.9666666666666666,2024-06-06 21:58:00+00:00,20.5425,60.7775,999.58,0.0,20.2025,62.255,1000.265,0.0
1.95,2024-06-06 21:57:00+00:00,20.5575,60.775000000000006,999.585,0.0,20.1975,62.2675,1000.2725,0.0
1.9333333333333333,2024-06-06 21:56:00+00:00,20.5525,60.7675,999.615,0.0,20.185,62.25,1000.2775,0.0
1.9166666666666667,2024-06-06 21:55:00+00:00,20.5575,60.775,999.58,0.0,20.1825,62.25,1000.285,0.0
1.9,2024-06-06 21:54:00+00:00,20.5525,60.7725,999.6475,0.0,20.1825,62.25749999999999,1000.3025,0.0
1.8833333333333333,2024-06-06 21:53:00+00:00,20.5475,60.75,999.6525,0.0,20.19,62.27,1000.34,0.0
1.8666666666666667,2024-06-06 21:52:00+00:00,20.5525,60.760000000000005,999.685,0.0,20.1775,62.2625,1000.395,0.0
1.85,2024-06-06 21:51:00+00:00,20.56,60.7625,999.725,0.0,20.1875,62.267500000000005,1000.3625,0.0
1.8333333333333333,2024-06-06 21:50:00+00:00,20.5575,60.752500000000005,999.72,0.0,20.175,62.2625,1000.4075,0.0
1.8166666666666667,2024-06-06 21:49:00+00:00,20.545,60.76,999.7525,0.0,20.17,62.275000000000006,1000.39,0.0
1.8,2024-06-06 21:48:00+00:00,20.56,60.75,999.735,0.0,20.1725,62.27,1000.42,0.0
1.7833333333333334,2024-06-06 21:47:00+00:00,20.55666666666667,60.75333333333333,999.77,0.0,20.1775,62.2775,1000.4225,0.0
1.7666666666666666,2024-06-06 21:46:00+00:00,20.5525,60.75000000000001,999.7625,0.0,20.1625,62.282500000000006,1000.455,0.0
1.75,2024-06-06 21:45:00+00:00,20.5525,60.73,999.755,0.0,20.165,62.285,1000.41,0.0
1.7333333333333334,2024-06-06 21:44:00+00:00,20.5475,60.74,999.7725,0.0,20.1575,62.2925,1000.44,0.0
1.7166666666666666,2024-06-06 21:43:00+00:00,20.555,60.7275,999.72,0.0,20.16,62.290000000000006,1000.4175,0.0
1.7,2024-06-06 21:42:00+00:00,20.55333333333333,60.75666666666667,999.77,0.0,20.15,62.2875,1000.4475,0.0
1.6833333333333333,2024-06-06 21:41:00+00:00,20.5475,60.7525,999.75,0.0,20.1475,62.2875,1000.425,0.0
1.6666666666666667,2024-06-06 21:40:00+00:00,20.5325,60.7275,999.75,0.0,20.1475,62.305,1000.4375,0.0
1.65,2024-06-06 21:39:00+00:00,20.5475,60.7225,999.77,0.0,20.15,62.290000000000006,1000.445,0.0
1.6333333333333333,2024-06-06 21:38:00+00:00,20.55,60.735,999.7675,0.0,20.1525,62.307500000000005,1000.4525,0.0
1.6166666666666667,2024-06-06 21:37:00+00:00,20.5325,60.7275,999.775,0.0,20.145,62.3125,1000.4675,0.0
1.6,2024-06-06 21:36:00+00:00,20.5275,60.715,999.7675,0.0,20.14,62.32,1000.45,0.0
1.5833333333333333,2024-06-06 21:35:00+00:00,20.5325,60.74,999.78,0.0,20.15,62.307500000000005,1000.485,0.0
1.5666666666666667,2024-06-06 21:34:00+00:00,20.55,60.72333333333333,999.7566666666668,0.0,20.1475,62.34,1000.46,0.0
1.55,2024-06-06 21:33:00+00:00,20.5525,60.720000000000006,999.7625,0.0,20.137500000000003,62.3,1000.4575,0.0
1.5333333333333334,2024-06-06 21:32:00+00:00,20.5475,60.7075,999.805,0.0,20.1275,62.325,1000.485,0.0
1.5166666666666666,2024-06-06 21:31:00+00:00,20.55,60.725,999.795,0.0,20.13,62.3275,1000.48,0.0
1.5,2024-06-06 21:30:00+00:00,20.545,60.7125,999.805,0.0,20.13,62.335,1000.48,0.0
1.4833333333333334,2024-06-06 21:29:00+00:00,20.56,60.7025,999.8375,0.0,20.13,62.3375,1000.5175,0.0
1.4666666666666666,2024-06-06 21:28:00+00:00,20.5475,60.7,999.8575,0.0,20.13,62.345000000000006,1000.525,0.0
1.45,2024-06-06 21:27:00+00:00,20.55,60.69,999.8325,0.0,20.1275,62.365,1000.525,0.0
1.4333333333333333,2024-06-06 21:26:00+00:00,20.55,60.7,999.8525,0.0,20.13,62.36750000000001,1000.5449999999998,0.0
1.4166666666666667,2024-06-06 21:25:00+00:00,20.54,60.7,999.89,0.0,20.12,62.3225,1000.5575,0.0
1.4,2024-06-06 21:24:00+00:00,20.5425,60.705,999.8875,0.0,20.1225,62.3575,1000.57,0.0
1.3833333333333333,2024-06-06 21:23:00+00:00,20.5375,60.6875,999.9225,0.0,20.1325,62.3675,1000.56,0.0
1.3666666666666667,2024-06-06 21:22:00+00:00,20.54,60.68000000000001,999.945,0.0,20.117500000000003,62.3575,1000.57,0.0
1.35,2024-06-06 21:21:00+00:00,20.545,60.682500000000005,999.9225,0.0,20.105,62.3375,1000.5525,0.0
1.3333333333333333,2024-06-06 21:20:00+00:00,20.54,60.68,999.9275,0.0,20.1125,62.352500000000006,1000.55,0.0
1.3166666666666667,2024-06-06 21:19:00+00:00,20.55,60.6875,999.92,0.0,20.12,62.3575,1000.59,0.0
1.3,2024-06-06 21:18:00+00:00,20.54,60.6775,999.94,0.0,20.105000000000004,62.355,1000.5925,0.0
1.2833333333333334,2024-06-06 21:17:00+00:00,20.54,60.657500000000006,999.96,0.0,20.1075,62.37,1000.6025,0.0
1.2666666666666666,2024-06-06 21:16:00+00:00,20.545,60.6575,999.945,0.0,20.1125,62.3625,1000.6025,0.0
1.25,2024-06-06 21:15:00+00:00,20.5475,60.66,999.9625,0.0,20.1125,62.3725,1000.5825,0.0
1.2333333333333334,2024-06-06 21:14:00+00:00,20.5525,60.665,999.97,0.0,20.1075,62.3575,1000.6125,0.0
1.2166666666666666,2024-06-06 21:13:00+00:00,20.54,60.6675,999.9925,0.0,20.105,62.3725,1000.6325,0.0
1.2,2024-06-06 21:12:00+00:00,20.55,60.6575,999.9925,0.0,20.102500000000003,62.365,1000.6025,0.0
1.1833333333333333,2024-06-06 21:11:00+00:00,20.555,60.64000000000001,999.9875,0.0,20.11,62.36,1000.6175,0.0
1.1666666666666667,2024-06-06 21:10:00+00:00,20.5425,60.65,1000.0275,0.0,20.1,62.3625,1000.705,0.0
1.15,2024-06-06 21:09:00+00:00,20.5325,60.65,1000.0449999999998,0.0,20.095,62.36750000000001,1000.6575,0.0
1.1333333333333335,2024-06-06 21:08:00+00:00,20.545,60.6475,1000.0525,0.0,20.1,62.3775,1000.6575,0.0
1.1166666666666667,2024-06-06 21:07:00+00:00,20.535,60.64,1000.095,0.0,20.095,62.38999999999999,1000.7075,0.0
1.1,2024-06-06 21:06:00+00:00,20.545,60.6375,1000.105,0.0,20.097500000000004,62.3775,1000.7225,0.0
1.0833333333333335,2024-06-06 21:05:00+00:00,20.535,60.6375,1000.09,0.0,20.1025,62.3725,1000.7175,0.0
1.0666666666666669,2024-06-06 21:04:00+00:00,20.545,60.6375,1000.0775,0.0,20.0925,62.385,1000.7075,0.0
1.05,2024-06-06 21:03:00+00:00,20.5475,60.645,1000.07,0.0,20.1,62.395,1000.76,0.0
1.0333333333333334,2024-06-06 21:02:00+00:00,20.545,60.635,1000.1125,0.0,20.0875,62.39,1000.7675,0.0
1.0166666666666668,2024-06-06 21:01:00+00:00,20.5425,60.6375,1000.1275,0.0,20.090000000000003,62.3975,1000.7725,0.0
1.0,2024-06-06 21:00:00+00:00,20.535,60.63,1000.1325,0.0,20.085,62.385,1000.77,0.0
0.9833333333333333,2024-06-06 20:59:00+00:00,20.5425,60.6225,1000.1375,0.0,20.09,62.3875,1000.8025,0.0
0.9666666666666667,2024-06-06 20:58:00+00:00,20.5325,60.62,1000.15,0.0,20.095,62.39999999999999,1000.82,0.0
0.95,2024-06-06 20:57:00+00:00,20.5425,60.6125,1000.1475,0.0,20.0925,62.4025,1000.81,0.0
0.9333333333333333,2024-06-06 20:56:00+00:00,20.5425,60.615,1000.17,0.0,20.0925,62.415000000000006,1000.83,0.0
0.9166666666666666,2024-06-06 20:55:00+00:00,20.555,60.6,1000.2025,0.0,20.09,62.4175,1000.8325,0.0
0.9,2024-06-06 20:54:00+00:00,20.54,60.6025,1000.2075,0.0,20.085,62.4025,1000.86,0.0
0.8833333333333333,2024-06-06 20:53:00+00:00,20.5475,60.5975,1000.2025,0.0,20.0825,62.4275,1000.8125,0.0
0.8666666666666667,2024-06-06 20:52:00+00:00,20.5325,60.595,1000.235,0.0,20.09,62.4175,1000.8825,0.0
0.85,2024-06-06 20:51:00+00:00,20.535,60.5975,1000.2675,0.0,20.095,62.4425,1000.92,0.0
0.8333333333333334,2024-06-06 20:50:00+00:00,20.53,60.5775,1000.3,0.0,20.0775,62.425,1000.965,0.0
0.8166666666666667,2024-06-06 20:49:00+00:00,20.5375,60.572500000000005,1000.3125,0.0,20.0825,62.43000000000001,1000.9525,0.0
0.8,2024-06-06 20:48:00+00:00,20.545,60.5775,1000.3049999999998,0.0,20.0775,62.43000000000001,1000.9725,0.0
0.7833333333333333,2024-06-06 20:47:00+00:00,20.545,60.5925,1000.2975,0.0,20.0725,62.42750000000001,1000.95,0.0
0.7666666666666667,2024-06-06 20:46:00+00:00,20.5425,60.57,1000.315,0.0,20.085,62.4225,1000.9725,0.0
0.75,2024-06-06 20:45:00+00:00,20.545,60.5675,1000.32,0.0,20.09,62.425,1000.985,0.0
0.7333333333333333,2024-06-06 20:44:00+00:00,20.54,60.575,1000.305,0.0,20.08,62.405,1000.95,0.0
0.7166666666666667,2024-06-06 20:43:00+00:00,20.54,60.575,1000.32,0.0,20.085,62.4175,1000.97,0.0
0.7,2024-06-06 20:42:00+00:00,20.5475,60.5525,1000.31,0.0,20.0825,62.3975,1000.97,0.0
0.6833333333333333,2024-06-06 20:41:00+00:00,20.555,60.5475,1000.3125,0.0,20.0825,62.415,1000.9875,0.0
0.6666666666666666,2024-06-06 20:40:00+00:00,20.5475,60.5425,1000.335,0.0,20.0925,62.41,1000.9725,0.0
0.65,2024-06-06 20:39:00+00:00,20.55,60.56,1000.325,0.0,20.08,62.3875,1000.985,0.0
0.6333333333333333,2024-06-06 20:38:00+00:00,20.545,60.5475,1000.375,0.0,20.0775,62.3925,1001.0225,0.0
0.6166666666666667,2024-06-06 20:37:00+00:00,20.5475,60.535,1000.3725,0.0,20.08,62.41,1001.055,0.0
0.6,2024-06-06 20:36:00+00:00,20.56,60.5375,1000.3575,0.0,20.065,62.3925,1001.0575,0.0
0.5833333333333334,2024-06-06 20:35:00+00:00,20.555,60.5275,1000.375,0.0,20.0825,62.405,1001.06,0.0
0.5666666666666668,2024-06-06 20:34:00+00:00,20.54,60.5075,1000.375,0.0,20.0775,62.4,1001.0525,0.0
0.55,2024-06-06 20:33:00+00:00,20.5425,60.5075,1000.3925,0.0,20.075,62.3975,1001.0725,0.0
0.5333333333333334,2024-06-06 20:32:00+00:00,20.5475,60.515,1000.3975,0.0,20.07,62.4,1001.065,0.0
0.5166666666666667,2024-06-06 20:31:00+00:00,20.5475,60.4975,1000.3875,0.0,20.065,62.3875,1001.0675,0.0
0.5,2024-06-06 20:30:00+00:00,20.545,60.495,1000.385,0.0,20.07,62.3925,1001.025,0.0
0.48333333333333334,2024-06-06 20:29:00+00:00,20.5475,60.5075,1000.38,0.0,20.0725,62.38250000000001,1001.065,0.0
0.4666666666666667,2024-06-06 20:28:00+00:00,20.55,60.495000000000005,1000.3975,0.0,20.0725,62.38,1001.09,0.0
0.45,2024-06-06 20:27:00+00:00,20.555,60.5025,1000.415,0.0,20.075,62.395,1001.1025,0.0
0.43333333333333335,2024-06-06 20:26:00+00:00,20.545,60.47500000000001,1000.3825,0.0,20.07,62.4,1001.0975,0.0
0.4166666666666667,2024-06-06 20:25:00+00:00,20.55,60.4925,1000.3925,0.0,20.065,62.3725,1001.0775,0.0
0.4,2024-06-06 20:24:00+00:00,20.545,60.47,1000.445,0.0,20.075,62.4025,1001.1375,0.0
0.38333333333333336,2024-06-06 20:23:00+00:00,20.54,60.4825,1000.465,0.0,20.065,62.3725,1001.1575,0.0
0.36666666666666664,2024-06-06 20:22:00+00:00,20.5525,60.4725,1000.495,0.0,20.082500000000003,62.3775,1001.1825,0.0
0.35,2024-06-06 20:21:00+00:00,20.5425,60.455,1000.5,0.0,20.08,62.3775,1001.195,0.0
0.3333333333333333,2024-06-06 20:20:00+00:00,20.55333333333333,60.446666666666665,1000.5366666666664,0.0,20.0775,62.3675,1001.185,0.0
0.31666666666666665,2024-06-06 20:19:00+00:00,20.546666666666667,60.45666666666667,1000.51,0.0,20.0775,62.385,1001.21,0.0
0.3,2024-06-06 20:18:00+00:00,20.5475,60.44499999999999,1000.5275,0.0,20.0625,62.3675,1001.2225,0.0
0.2833333333333334,2024-06-06 20:17:00+00:00,20.5425,60.45,1000.54,0.0,20.075,62.370000000000005,1001.24,0.0
0.2666666666666667,2024-06-06 20:16:00+00:00,20.545,60.435,1000.5675,0.0,20.085,62.36500000000001,1001.225,0.0
0.25,2024-06-06 20:15:00+00:00,20.54,60.4375,1000.53,0.0,20.075,62.3675,1001.2475,0.0
0.23333333333333334,2024-06-06 20:14:00+00:00,20.535,60.4125,1000.5875,0.0,20.08,62.3775,1001.27,0.0
0.21666666666666667,2024-06-06 20:13:00+00:00,20.5475,60.415000000000006,1000.5675,0.0,20.075,62.365,1001.24,0.0
0.2,2024-06-06 20:12:00+00:00,20.55,60.4025,1000.5725,0.0,20.0775,62.35000000000001,1001.2325,0.0
0.18333333333333332,2024-06-06 20:11:00+00:00,20.5525,60.39999999999999,1000.57,0.0,20.08,62.355,1001.28,0.0
0.16666666666666666,2024-06-06 20:10:00+00:00,20.5625,60.3875,1000.5575,0.0,20.08,62.3625,1001.245,0.0
0.15,2024-06-06 20:09:00+00:00,20.555,60.395,1000.57,0.0,20.085,62.3475,1001.23,0.0
0.13333333333333336,2024-06-06 20:08:00+00:00,20.5525,60.385,1000.565,0.0,20.0825,62.3375,1001.245,0.0
0.11666666666666667,2024-06-06 20:07:00+00:00,20.55,60.376666666666665,1000.5733333333334,0.0,20.0825,62.3175,1001.2525,0.0
0.1,2024-06-06 20:06:00+00:00,20.54,60.3525,1000.565,0.0,20.0775,62.3225,1001.2575,0.0
0.08333333333333333,2024-06-06 20:05:00+00:00,20.555,60.36,1000.5525,0.0,20.0825,62.31,1001.235,0.0
0.06666666666666668,2024-06-06 20:04:00+00:00,20.535,60.3625,1000.5775,0.0,20.09,62.3075,1001.2625,0.0
0.05,2024-06-06 20:03:00+00:00,20.5625,60.36,1000.605,0.0,20.085,62.3025,1001.265,0.0
0.03333333333333334,2024-06-06 20:02:00+00:00,20.545,60.352500000000006,1000.595,0.0,20.09,62.305,1001.26,0.0
0.01666666666666667,2024-06-06 20:01:00+00:00,20.5675,60.34,1000.585,0.0,20.0925,62.29,1001.2825,0.0
0.0,2024-06-06 20:00:00+00:00,20.565,60.3475,1000.59,0.0,20.085,62.29,1001.2725,0.0
